Timestamp,Humidity (%),Temperature (Â°C),Light (lux),Soil Moisture (%)
18:02:34,51.3,24.4,85.83,31.0
18:02:36,51.3,24.4,86.67,31.0
18:02:38,51.4,24.4,85.83,31.0
18:02:40,51.5,24.4,85.83,31.0
18:02:42,51.6,24.4,85.83,31.0
18:02:44,51.6,24.4,87.5,31.0
18:02:46,51.6,24.4,88.33,31.0
18:02:48,51.6,24.3,88.33,31.0
18:02:50,51.6,24.4,88.33,31.0
18:02:52,51.6,24.3,86.67,31.0
18:02:54,51.6,24.3,86.67,31.0
18:02:56,51.6,24.3,86.67,31.0
18:02:58,51.6,24.3,86.67,31.0
18:03:00,51.6,24.3,87.5,31.0
18:03:02,51.6,24.3,85.83,31.0
18:03:04,51.7,24.3,51.67,31.0
18:03:06,51.7,24.3,59.17,31.0
18:03:08,51.7,24.3,85.0,31.0
18:03:10,51.7,24.3,85.0,31.0
18:03:12,51.7,24.3,85.83,31.0
18:03:14,51.7,24.3,85.83,31.0
18:03:16,51.7,24.3,87.5,31.0
18:03:18,51.8,24.3,87.5,31.0
18:03:20,51.8,24.3,88.33,31.0
18:03:22,51.9,24.3,87.5,31.0
18:03:24,51.9,24.3,86.67,31.0
18:03:26,51.9,24.3,87.5,31.0
18:03:28,51.9,24.4,87.5,31.0
18:03:30,52.0,24.4,87.5,31.0
18:03:32,52.0,24.4,87.5,31.0
18:03:35,51.9,24.4,86.67,31.0
18:03:37,51.9,24.3,87.5,31.0
18:03:39,51.9,24.4,87.5,31.0
18:03:41,51.9,24.4,87.5,31.0
18:03:43,51.9,24.4,87.5,31.0
18:03:45,51.9,24.4,87.5,31.0
18:03:47,51.9,24.4,87.5,31.0
18:03:49,51.9,24.4,87.5,31.0
18:03:51,51.9,24.4,87.5,31.0
18:03:53,51.9,24.4,86.67,31.0
18:03:55,51.9,24.4,86.67,31.0
18:03:57,51.9,24.4,86.67,31.0
18:03:59,51.9,24.4,86.67,31.0
18:04:01,51.8,24.4,86.67,31.0
18:04:03,51.9,24.4,86.67,31.0
18:04:05,51.9,24.4,85.83,31.0
18:04:07,51.9,24.4,85.83,31.0
18:04:09,51.8,24.4,86.67,31.0
18:04:11,51.9,24.4,87.5,31.0
18:04:13,51.8,24.4,87.5,31.0
18:04:15,51.8,24.4,87.5,31.0
18:04:17,51.8,24.5,87.5,31.0
18:04:19,51.8,24.4,87.5,31.0
18:04:21,51.8,24.4,87.5,31.0
18:04:23,51.8,24.4,86.67,31.0
18:04:25,51.8,24.4,87.5,31.0
18:04:27,51.8,24.4,86.67,31.0
18:04:29,51.8,24.4,86.67,31.0
18:04:31,51.8,24.4,86.67,31.0
18:04:33,51.8,24.4,86.67,31.0
18:04:36,51.8,24.4,86.67,31.0
18:04:39,51.8,24.4,86.67,31.0
18:04:41,51.8,24.4,87.5,31.0
18:04:43,51.9,24.5,87.5,31.0
18:04:45,51.9,24.4,87.5,31.0
18:04:47,51.8,24.4,87.5,31.0
18:04:49,51.9,24.5,86.67,31.0
18:04:51,51.8,24.5,86.67,31.0
18:04:53,51.9,24.4,87.5,31.0
18:04:55,51.9,24.4,87.5,31.0
18:04:57,51.9,24.5,87.5,31.0
18:04:59,51.9,24.4,85.83,31.0
18:05:01,51.9,24.4,85.83,31.0
18:05:03,51.9,24.5,86.67,31.0
18:05:05,51.9,24.5,86.67,31.0
18:05:07,51.9,24.5,86.67,31.0
18:05:09,51.9,24.5,86.67,31.0
18:05:11,51.9,24.5,86.67,31.0
18:05:13,51.9,24.5,86.67,31.0
18:05:15,51.8,24.5,87.5,31.0
18:05:17,51.9,24.5,87.5,31.0
18:05:19,51.9,24.5,86.67,31.0
18:05:21,51.8,24.5,86.67,31.0
18:05:23,51.9,24.5,87.5,31.0
18:05:25,51.9,24.5,87.5,31.0
18:05:27,51.8,24.5,86.67,31.0
18:05:29,51.9,24.5,85.83,31.0
18:05:31,51.9,24.5,87.5,31.0
18:05:33,51.9,24.5,86.67,31.0
18:05:35,51.8,24.5,86.67,31.0
18:05:37,51.9,24.5,85.83,31.0
18:05:39,51.9,24.5,86.67,31.0
18:05:41,51.9,24.5,87.5,31.0
18:05:43,51.9,24.5,85.0,31.0
18:05:45,51.9,24.5,86.67,31.0
18:05:47,51.9,24.5,87.5,31.0
18:05:49,51.9,24.5,86.67,31.0
18:05:51,51.9,24.5,86.67,31.0
18:05:53,51.9,24.5,87.5,31.0
18:05:55,51.9,24.5,87.5,31.0
18:05:57,51.9,24.5,87.5,31.0
18:05:59,51.9,24.5,86.67,31.0
18:06:01,51.9,24.5,86.67,31.0
18:06:03,52.0,24.5,86.67,31.0
18:06:05,52.0,24.5,87.5,31.0
18:06:07,52.0,24.5,87.5,31.0
18:06:09,52.0,24.5,86.67,31.0
18:06:11,52.0,24.5,83.33,31.0
18:06:13,52.0,24.5,86.67,31.0
18:06:15,52.0,24.5,87.5,31.0
18:06:17,52.0,24.5,86.67,31.0
18:06:19,52.0,24.5,87.5,31.0
18:06:21,52.0,24.5,86.67,31.0
18:06:23,52.0,24.5,87.5,31.0
18:06:25,52.0,24.5,86.67,31.0
18:06:27,52.0,24.6,87.5,31.0
18:06:29,51.9,24.5,87.5,31.0
18:06:31,52.0,24.5,87.5,31.0
18:06:33,51.9,24.5,86.67,31.0
18:06:35,52.0,24.5,86.67,31.0
18:06:37,52.0,24.5,87.5,31.0
18:06:40,52.0,24.6,87.5,31.0
18:06:42,52.0,24.6,85.83,31.0
18:06:44,52.0,24.6,85.83,31.0
18:06:46,52.1,24.6,87.5,31.0
18:06:48,52.1,24.6,85.83,31.0
18:06:50,52.1,24.6,85.83,31.0
18:06:52,52.1,24.6,86.67,31.0
18:06:54,52.1,24.7,85.83,31.0
18:06:56,52.1,24.7,85.83,31.0
18:06:58,52.1,24.7,86.67,31.0
18:07:00,52.0,24.7,87.5,31.0
18:07:02,52.0,24.7,87.5,31.0
18:07:04,51.9,24.7,88.33,31.0
18:07:06,51.9,24.8,87.5,31.0
18:07:08,51.9,24.8,86.67,31.0
18:07:10,51.9,24.8,86.67,31.0
18:07:12,51.8,24.8,85.83,31.0
18:07:14,51.8,24.8,86.67,31.0
18:07:16,51.8,24.8,86.67,31.0
18:07:18,52.5,24.8,88.33,31.0
18:07:20,52.2,24.8,88.33,31.0
18:07:22,52.1,24.8,88.33,31.0
18:07:24,52.0,24.8,87.5,31.0
18:07:26,51.9,24.8,85.83,31.0
18:07:28,51.9,24.8,86.67,31.0
18:07:30,51.9,24.8,86.67,31.0
18:07:32,51.9,24.8,87.5,31.0
18:07:34,51.9,24.8,85.83,31.0
18:07:36,51.9,24.8,86.67,31.0
18:07:38,51.9,24.8,85.83,31.0
18:07:40,51.8,24.8,87.5,31.0
18:07:42,51.8,24.8,86.67,31.0
18:07:44,51.8,24.9,86.67,31.0
18:07:46,51.8,24.8,87.5,31.0
18:07:48,51.8,24.9,86.67,31.0
18:07:50,51.7,24.8,87.5,31.0
18:07:52,51.7,24.8,86.67,31.0
18:07:54,51.7,24.9,86.67,31.0
18:07:56,51.7,24.9,86.67,31.0
18:07:58,51.7,24.9,87.5,31.0
18:08:00,51.7,24.9,87.5,31.0
18:08:02,51.7,24.8,85.83,31.0
18:08:04,51.7,24.8,86.67,31.0
18:08:06,51.7,24.8,85.83,31.0
18:08:08,51.6,24.9,87.5,31.0
18:08:10,51.6,24.9,86.67,31.0
18:08:12,51.6,24.8,86.67,31.0
18:08:14,51.6,24.9,85.83,31.0
18:08:16,51.6,24.9,86.67,31.0
18:08:18,51.7,24.8,87.5,31.0
18:08:20,51.7,24.9,86.67,31.0
18:08:22,51.6,24.8,87.5,31.0
18:08:24,51.7,24.8,85.83,31.0
18:08:26,51.6,24.9,85.83,31.0
18:08:28,51.6,24.8,87.5,31.0
18:08:30,51.6,24.8,86.67,31.0
18:08:32,51.7,24.8,87.5,31.0
18:08:34,51.7,24.8,86.67,31.0
18:08:36,51.7,24.8,85.83,31.0
18:08:38,51.7,24.9,85.83,31.0
18:08:40,51.7,24.8,86.67,31.0
18:08:42,51.7,24.8,87.5,31.0
18:08:44,51.6,24.8,86.67,31.0
18:08:46,51.6,24.8,86.67,31.0
18:08:48,51.6,24.8,87.5,31.0
18:08:50,51.6,24.8,87.5,31.0
18:08:52,51.6,24.8,87.5,31.0
18:08:54,51.6,24.8,86.67,31.0
18:08:56,51.6,24.8,87.5,31.0
18:08:58,51.5,24.8,87.5,31.0
18:09:00,51.6,24.8,87.5,31.0
18:09:02,51.6,24.8,88.33,31.0
18:09:04,51.5,24.8,88.33,31.0
18:09:06,51.6,24.8,88.33,31.0
18:09:08,51.5,24.8,87.5,31.0
18:09:10,51.5,24.8,87.5,31.0
18:09:12,51.5,24.8,87.5,31.0
18:09:14,51.5,24.8,88.33,31.0
18:09:16,51.5,24.8,88.33,31.0
18:09:18,51.5,24.8,86.67,31.0
18:09:20,51.5,24.8,86.67,31.0
18:09:22,51.5,24.8,87.5,31.0
18:09:24,51.5,24.8,87.5,31.0
18:09:26,51.5,24.8,88.33,31.0
18:09:28,51.5,24.8,87.5,31.0
18:09:30,51.5,24.7,87.5,31.0
18:09:32,51.5,24.8,87.5,31.0
18:09:34,51.5,24.8,88.33,31.0
18:09:36,51.5,24.8,88.33,31.0
18:09:38,51.5,24.7,87.5,31.0
18:09:41,51.5,24.8,88.33,31.0
18:09:43,51.5,24.8,88.33,31.0
18:09:45,51.6,24.8,88.33,31.0
18:09:47,51.6,24.7,86.67,31.0
18:09:49,51.6,24.7,86.67,31.0
18:09:51,51.6,24.7,88.33,31.0
18:09:53,51.7,24.8,88.33,31.0
18:09:55,51.7,24.8,88.33,31.0
18:09:57,51.8,24.8,87.5,31.0
18:09:59,51.8,24.8,87.5,31.0
18:10:01,51.8,24.8,87.5,31.0
18:10:03,51.8,24.8,88.33,31.0
18:10:05,51.8,24.8,88.33,31.0
18:10:07,51.8,24.8,87.5,31.0
18:10:09,51.7,24.9,87.5,31.0
18:10:11,51.7,24.8,86.67,31.0
18:10:13,51.7,24.9,88.33,31.0
18:10:15,51.7,24.9,88.33,31.0
18:10:17,51.7,24.9,88.33,31.0
18:10:19,51.7,24.9,88.33,31.0
18:10:21,51.6,24.9,87.5,31.0
18:10:23,51.6,24.9,87.5,31.0
18:10:25,51.6,25.0,87.5,31.0
18:10:27,51.6,25.0,87.5,31.0
18:10:29,51.6,25.0,88.33,31.0
18:10:31,51.5,25.0,89.17,31.0
18:10:33,51.5,25.0,88.33,31.0
18:10:35,51.5,25.0,88.33,31.0
18:10:37,51.5,25.0,88.33,31.0
18:10:39,51.5,25.0,85.83,31.0
18:10:41,51.5,25.0,86.67,31.0
18:10:43,51.4,25.0,87.5,31.0
18:10:45,51.4,25.0,85.83,31.0
18:10:47,51.3,25.0,85.83,31.0
18:10:49,51.3,25.0,85.83,31.0
18:10:51,51.3,25.1,86.67,31.0
18:10:53,51.3,25.0,86.67,31.0
18:10:55,51.3,25.0,88.33,31.0
18:10:57,51.3,25.0,87.5,31.0
18:10:59,51.3,25.0,86.67,31.0
18:11:01,51.3,25.0,86.67,31.0
18:11:03,51.3,25.0,86.67,31.0
18:11:05,51.3,25.0,87.5,31.0
18:11:07,51.2,25.0,88.33,31.0
18:11:09,51.2,25.0,86.67,31.0
18:11:11,51.2,25.0,86.67,31.0
18:11:13,51.2,25.0,86.67,31.0
18:11:15,51.2,25.0,88.33,31.0
18:11:17,51.2,25.0,86.67,31.0
18:11:19,51.2,25.0,86.67,31.0
18:11:21,51.2,25.0,86.67,31.0
18:11:23,51.2,25.0,87.5,31.0
18:11:25,51.2,25.0,86.67,31.0
18:11:27,51.1,25.0,86.67,31.0
18:11:29,51.2,25.0,86.67,31.0
18:11:31,51.1,25.0,87.5,31.0
18:11:33,51.2,25.0,86.67,31.0
18:11:35,51.1,25.0,85.83,31.0
18:11:37,51.1,25.0,85.83,31.0
18:11:39,51.1,25.0,87.5,31.0
18:11:42,51.2,24.9,85.0,31.0
18:11:44,51.1,24.9,85.0,31.0
18:11:46,51.1,24.9,86.67,31.0
18:11:48,51.1,24.9,87.5,31.0
18:11:50,51.1,24.9,85.0,31.0
18:11:52,51.1,24.9,85.83,31.0
18:11:54,51.1,24.9,86.67,31.0
18:11:56,51.1,24.9,86.67,31.0
18:11:58,51.1,24.9,85.83,31.0
18:12:00,51.1,24.9,83.33,31.0
18:12:02,51.1,24.9,86.67,31.0
18:12:04,51.1,24.8,86.67,31.0
18:12:06,51.1,24.8,85.83,31.0
18:12:08,51.1,24.8,86.67,31.0
18:12:10,51.1,24.8,86.67,31.0
18:12:12,51.1,24.8,87.5,31.0
18:12:14,51.1,24.8,85.83,31.0
18:12:16,51.1,24.8,86.67,31.0
18:12:18,51.1,24.8,86.67,31.0
18:12:20,51.1,24.8,87.5,31.0
18:12:22,51.1,24.8,85.83,31.0
18:12:24,51.1,24.8,86.67,31.0
18:12:26,51.1,24.7,86.67,31.0
18:12:28,51.1,24.7,86.67,31.0
18:12:30,51.1,24.7,85.83,31.0
18:12:32,51.1,24.7,86.67,31.0
18:12:34,51.1,24.7,86.67,31.0
18:12:36,51.1,24.7,87.5,31.0
18:12:38,51.1,24.7,85.83,31.0
18:12:40,51.1,24.7,85.83,30.0
18:12:42,51.1,24.7,86.67,30.0
18:12:44,51.1,24.7,85.83,30.0
18:12:46,51.1,24.6,85.83,30.0
18:12:48,51.1,24.6,85.83,30.0
18:12:50,51.1,24.6,86.67,30.0
18:12:52,51.1,24.6,86.67,30.0
18:12:54,51.1,24.6,87.5,30.0
18:12:56,51.1,24.6,86.67,30.0
18:12:58,51.1,24.6,85.83,30.0
18:13:00,51.1,24.6,85.83,30.0
18:13:02,51.1,24.6,85.83,30.0
18:13:04,51.1,24.6,85.83,30.0
18:13:06,51.1,24.6,86.67,30.0
18:13:08,51.1,24.5,86.67,30.0
18:13:10,51.1,24.5,87.5,30.0
18:13:12,51.1,24.5,86.67,30.0
18:13:14,51.1,24.5,85.83,30.0
18:13:16,51.1,24.5,85.83,30.0
18:13:18,51.1,24.5,87.5,30.0
18:13:20,51.1,24.5,86.67,30.0
18:13:22,51.1,24.5,86.67,30.0
18:13:24,51.1,24.5,85.83,30.0
18:13:26,51.1,24.5,85.83,30.0
18:13:28,51.1,24.5,85.83,30.0
18:13:30,51.1,24.5,86.67,30.0
18:13:32,51.1,24.5,86.67,30.0
18:13:34,51.1,24.4,85.83,30.0
18:13:36,51.1,24.4,85.83,30.0
18:13:38,51.2,24.4,85.83,30.0
18:13:40,51.2,24.4,86.67,30.0
18:13:43,51.2,24.4,85.83,30.0
18:13:45,51.2,24.4,86.67,30.0
18:13:47,51.2,24.4,86.67,30.0
18:13:49,51.2,24.4,86.67,30.0
18:13:51,51.2,24.4,87.5,30.0
18:13:53,51.2,24.3,86.67,30.0
18:13:55,51.2,24.3,85.83,30.0
18:13:57,51.2,24.3,85.83,30.0
18:13:59,51.2,24.3,86.67,30.0
18:14:01,51.2,24.3,85.83,30.0
18:14:03,51.2,24.3,85.83,30.0
18:14:05,51.2,24.3,86.67,30.0
18:14:07,51.2,24.3,86.67,30.0
18:14:09,51.2,24.3,86.67,30.0
18:14:11,51.2,24.3,86.67,30.0
18:14:13,51.3,24.2,85.83,30.0
18:14:15,51.2,24.3,85.83,30.0
18:14:17,51.3,24.2,85.83,30.0
18:14:19,51.2,24.2,85.83,30.0
18:14:21,51.3,24.2,86.67,30.0
18:14:23,51.3,24.2,86.67,30.0
18:14:25,51.3,24.2,87.5,30.0
18:14:27,51.3,24.2,86.67,30.0
18:14:29,51.3,24.2,85.83,30.0
18:14:31,51.4,24.2,85.83,30.0
18:14:33,51.4,24.2,85.83,30.0
18:14:35,51.3,24.2,85.83,30.0
18:14:37,51.4,24.2,86.67,30.0
18:14:39,51.4,24.1,87.5,30.0
18:14:41,51.4,24.1,86.67,30.0
18:14:43,51.4,24.1,86.67,30.0
18:14:45,51.4,24.1,85.83,30.0
18:14:47,51.5,24.1,86.67,30.0
18:14:49,51.4,24.1,87.5,30.0
18:14:51,51.5,24.1,86.67,30.0
18:14:53,51.5,24.1,86.67,30.0
18:14:55,51.5,24.1,85.83,30.0
18:14:57,51.5,24.1,85.83,30.0
18:14:59,51.5,24.1,86.67,30.0
18:15:01,51.6,24.0,86.67,30.0
18:15:03,51.6,24.0,87.5,30.0
18:15:05,51.6,24.0,85.83,30.0
18:15:07,51.6,24.0,85.83,30.0
18:15:09,51.6,24.0,85.83,30.0
18:15:11,51.6,24.0,86.67,30.0
18:15:13,51.7,24.0,87.5,30.0
18:15:15,51.7,24.0,86.67,30.0
18:15:17,51.7,24.0,85.83,30.0
18:15:19,51.7,24.0,86.67,30.0
18:15:21,51.8,24.0,85.83,30.0
18:15:23,51.8,24.0,85.83,30.0
18:15:25,51.8,24.0,86.67,30.0
18:15:27,51.8,24.0,86.67,30.0
18:15:29,51.8,24.0,87.5,30.0
18:15:31,51.8,23.9,87.5,30.0
18:15:33,51.8,24.0,85.83,30.0
18:15:35,51.8,24.0,86.67,30.0
18:15:37,51.9,24.0,85.83,30.0
18:15:39,51.9,24.0,85.83,30.0
18:15:41,51.9,24.0,85.83,30.0
18:15:44,51.9,24.0,85.83,30.0
18:15:46,51.9,23.9,85.83,30.0
18:15:48,51.9,23.9,86.67,30.0
18:15:50,51.9,23.9,85.83,30.0
18:15:52,52.0,23.9,86.67,30.0
18:15:54,52.0,23.9,87.5,30.0
18:15:56,52.0,23.9,86.67,30.0
18:15:58,52.0,23.9,87.5,30.0
18:16:00,52.0,23.9,86.67,30.0
18:16:02,52.1,23.9,85.83,30.0
18:16:04,52.1,23.9,86.67,30.0
18:16:06,52.1,23.9,87.5,30.0
18:16:08,52.1,23.9,86.67,30.0
18:16:10,52.1,23.9,85.83,30.0
18:16:12,52.1,23.9,85.0,30.0
18:16:14,52.1,23.9,85.83,30.0
18:16:16,52.1,23.9,85.0,30.0
18:16:18,52.1,23.9,85.83,30.0
18:16:20,52.2,23.9,86.67,30.0
18:16:22,52.2,23.9,85.83,30.0
18:16:24,52.2,23.9,86.67,30.0
18:16:26,52.2,23.9,85.83,30.0
18:16:28,52.2,23.9,86.67,30.0
18:16:30,52.2,23.9,87.5,30.0
18:16:32,52.2,23.9,86.67,30.0
18:16:34,52.2,23.9,87.5,30.0
18:16:36,52.3,23.9,87.5,30.0
18:16:38,52.2,23.9,88.33,30.0
18:16:40,52.3,23.9,87.5,30.0
18:16:42,52.3,23.9,86.67,30.0
18:16:44,52.3,23.9,86.67,30.0
18:16:46,52.3,23.9,85.83,30.0
18:16:48,52.4,23.8,85.83,30.0
18:16:50,52.4,23.9,86.67,30.0
18:16:52,52.4,23.9,85.83,30.0
18:16:54,52.4,23.9,86.67,30.0
18:16:56,52.4,23.9,86.67,30.0
18:16:58,52.4,23.9,85.83,30.0
18:17:00,52.4,23.9,86.67,30.0
18:17:02,52.4,23.9,85.83,30.0
18:17:04,52.5,23.9,86.67,30.0
18:17:06,52.4,23.9,86.67,30.0
18:17:08,52.5,23.9,86.67,30.0
18:17:10,52.5,23.9,87.5,30.0
18:17:12,52.5,23.9,85.83,30.0
18:17:14,52.5,23.9,85.83,30.0
18:17:16,52.5,23.9,86.67,30.0
18:17:18,52.5,23.9,85.83,30.0
18:17:20,52.5,23.9,86.67,30.0
18:17:22,52.5,23.9,85.83,30.0
18:17:24,52.5,23.9,85.0,30.0
18:17:26,52.5,23.9,85.83,30.0
18:17:28,52.5,23.9,85.83,30.0
18:17:30,52.5,23.9,86.67,30.0
18:17:32,52.5,23.9,85.83,30.0
18:17:34,52.5,23.9,86.67,30.0
18:17:36,52.5,23.9,85.0,30.0
18:17:38,52.5,23.9,85.83,30.0
18:17:40,52.5,23.9,86.67,30.0
18:17:42,52.5,23.9,86.67,30.0
18:17:45,52.5,23.9,86.67,30.0
18:17:47,52.5,23.9,86.67,30.0
18:17:49,52.5,23.9,86.67,30.0
18:17:51,52.5,23.9,85.83,30.0
18:17:53,52.5,24.0,85.0,30.0
18:17:55,52.5,23.9,85.83,30.0
18:17:57,52.5,23.9,85.83,30.0
18:17:59,52.5,23.9,85.83,30.0
18:18:01,52.5,24.0,85.83,30.0
18:18:03,52.5,24.0,85.0,30.0
18:18:05,52.5,24.0,85.83,30.0
18:18:07,52.5,24.0,85.0,30.0
18:18:09,52.5,24.0,85.83,30.0
18:18:11,52.5,24.0,86.67,30.0
18:18:13,52.5,24.0,85.0,30.0
18:18:15,52.5,24.0,85.0,30.0
18:18:17,52.5,24.0,85.0,30.0
18:18:19,52.5,24.0,86.67,30.0
18:18:21,52.5,24.0,85.83,30.0
18:18:23,52.5,24.0,85.83,30.0
18:18:25,52.5,24.0,85.0,30.0
18:18:27,52.5,24.0,85.83,30.0
18:18:29,52.5,24.0,85.83,30.0
18:18:31,52.5,24.0,85.83,30.0
18:18:33,52.5,24.0,85.0,30.0
18:18:35,52.5,24.0,85.83,30.0
18:18:37,52.5,24.0,86.67,30.0
18:18:39,52.5,24.0,86.67,30.0
18:18:41,52.5,24.0,85.83,30.0
18:18:43,52.5,24.0,85.0,30.0
18:18:45,52.5,24.0,86.67,30.0
18:18:47,52.5,24.0,85.0,30.0
18:18:49,52.5,24.0,85.0,30.0
18:18:51,52.5,24.0,85.0,30.0
18:18:53,52.5,24.0,85.83,30.0
18:18:55,52.5,24.0,86.67,30.0
18:18:57,52.5,24.0,85.0,30.0
18:18:59,52.5,24.0,85.83,30.0
18:19:01,52.5,24.0,85.0,30.0
18:19:03,52.5,24.0,85.83,30.0
18:19:05,52.5,24.0,85.83,30.0
18:19:07,52.4,24.0,85.83,30.0
18:19:09,52.4,24.0,85.0,30.0
18:19:11,52.4,24.0,85.0,30.0
18:19:13,52.4,24.0,85.83,30.0
18:19:15,52.4,24.0,86.67,30.0
18:19:17,52.4,24.0,85.83,30.0
18:19:19,52.4,24.0,85.83,30.0
18:19:21,52.4,24.0,86.67,30.0
18:19:23,52.4,24.0,85.83,30.0
18:19:25,52.5,24.0,85.83,30.0
18:19:27,52.4,24.0,85.0,30.0
18:19:29,52.4,24.0,86.67,30.0
18:19:31,52.4,24.0,85.83,30.0
18:19:33,52.5,24.0,85.83,30.0
18:19:35,52.5,24.0,85.0,30.0
18:19:37,52.5,24.1,85.83,30.0
18:19:39,52.4,24.0,85.83,30.0
18:19:41,52.5,24.0,86.67,30.0
18:19:43,52.5,24.0,85.83,30.0
18:19:46,52.4,24.0,85.0,30.0
18:19:48,52.4,24.0,85.0,30.0
18:19:50,52.4,24.1,85.83,30.0
18:19:52,52.4,24.1,86.67,30.0
18:19:54,52.4,24.1,86.67,30.0
18:19:56,52.4,24.0,86.67,30.0
18:19:58,52.4,24.0,85.83,30.0
18:20:00,52.4,24.0,85.83,30.0
18:20:02,52.4,24.0,85.83,30.0
18:20:04,52.4,24.0,85.83,30.0
18:20:06,52.4,24.1,86.67,30.0
18:20:08,52.4,24.0,86.67,30.0
18:20:10,52.4,24.0,86.67,30.0
18:20:12,52.4,24.0,86.67,30.0
18:20:14,52.5,24.0,86.67,30.0
18:20:16,52.5,24.0,85.83,30.0
18:20:18,52.5,24.0,85.83,30.0
18:20:20,52.5,24.1,85.83,30.0
18:20:22,52.5,24.0,85.83,30.0
18:20:24,52.5,24.0,85.83,30.0
18:20:26,52.5,24.1,86.67,30.0
18:20:28,52.5,24.0,86.67,30.0
18:20:30,52.5,24.1,85.83,30.0
18:20:32,52.5,24.0,86.67,30.0
18:20:34,52.5,24.1,86.67,30.0
18:20:36,52.5,24.0,85.83,30.0
18:20:38,52.4,24.1,86.67,30.0
18:20:40,52.5,24.1,85.83,30.0
18:20:42,52.4,24.1,85.83,30.0
18:20:44,52.5,24.1,85.83,30.0
18:20:46,52.4,24.1,86.67,30.0
18:20:48,52.4,24.1,86.67,30.0
18:20:50,52.4,24.1,86.67,30.0
18:20:52,52.4,24.1,86.67,30.0
18:20:54,52.5,24.1,85.83,30.0
18:20:56,52.5,24.1,85.83,30.0
18:20:58,52.5,24.1,85.83,30.0
18:21:00,52.5,24.1,85.83,30.0
18:21:02,52.5,24.1,85.83,30.0
18:21:04,52.5,24.1,86.67,30.0
18:21:06,52.5,24.1,85.83,30.0
18:21:08,52.5,24.1,86.67,30.0
18:21:10,52.5,24.1,86.67,30.0
18:21:12,52.5,24.1,85.83,30.0
18:21:14,52.5,24.1,85.83,30.0
18:21:16,52.5,24.1,85.83,30.0
18:21:18,52.5,24.1,85.83,30.0
18:21:20,52.5,24.1,86.67,30.0
18:21:22,52.5,24.1,86.67,30.0
18:21:24,52.4,24.1,86.67,30.0
18:21:26,52.4,24.1,86.67,30.0
18:21:28,52.4,24.1,85.83,30.0
18:21:30,52.4,24.1,85.83,30.0
18:21:32,52.4,24.1,85.83,30.0
18:21:34,52.4,24.1,85.83,30.0
18:21:36,52.4,24.1,86.67,30.0
18:21:38,52.4,24.1,86.67,30.0
18:21:40,52.4,24.1,86.67,30.0
18:21:42,52.4,24.1,86.67,30.0
18:21:44,52.5,24.1,85.83,30.0
18:21:47,52.4,24.1,86.67,30.0
18:21:49,52.5,24.1,86.67,30.0
18:21:51,52.4,24.1,85.83,30.0
18:21:53,52.4,24.1,86.67,30.0
18:21:55,52.4,24.1,85.83,30.0
18:21:57,52.4,24.1,85.83,30.0
18:21:59,52.4,24.1,85.83,30.0
18:22:01,52.4,24.1,85.83,30.0
18:22:03,52.4,24.1,85.83,30.0
18:22:05,52.4,24.1,86.67,30.0
18:22:07,52.4,24.1,86.67,30.0
18:22:09,52.4,24.1,86.67,30.0
18:22:11,52.4,24.1,86.67,30.0
18:22:13,52.4,24.1,85.83,30.0
18:22:15,52.4,24.1,85.83,30.0
18:22:17,52.4,24.1,85.83,30.0
18:22:19,52.4,24.1,85.83,30.0
18:22:21,52.4,24.1,86.67,30.0
18:22:23,52.4,24.1,86.67,30.0
18:22:25,52.5,24.1,85.83,30.0
18:22:27,52.4,24.1,85.83,30.0
18:22:29,52.4,24.1,85.83,30.0
18:22:31,52.4,24.1,86.67,30.0
18:22:33,52.4,24.1,85.83,30.0
18:22:35,52.4,24.2,86.67,30.0
18:22:37,52.4,24.2,85.83,30.0
18:22:39,52.4,24.2,86.67,30.0
18:22:41,52.4,24.2,86.67,30.0
18:22:43,52.4,24.2,86.67,30.0
18:22:45,52.4,24.2,85.83,29.0
18:22:47,52.4,24.1,85.83,29.0
18:22:49,52.4,24.2,85.83,29.0
18:22:51,52.3,24.2,85.83,29.0
18:22:53,52.4,24.2,86.67,29.0
18:22:55,52.4,24.2,86.67,29.0
18:22:57,52.3,24.2,86.67,29.0
18:22:59,52.3,24.2,85.83,29.0
18:23:01,52.3,24.2,85.83,29.0
18:23:03,52.3,24.2,85.83,29.0
18:23:05,52.3,24.2,85.83,29.0
18:23:07,52.3,24.2,86.67,29.0
18:23:09,52.3,24.2,86.67,29.0
18:23:11,52.2,24.2,87.5,29.0
18:23:13,52.2,24.2,86.67,29.0
18:23:15,52.3,24.2,87.5,29.0
18:23:17,52.2,24.2,86.67,29.0
18:23:19,52.2,24.2,85.83,29.0
18:23:21,52.2,24.2,85.83,29.0
18:23:23,52.2,24.2,85.83,29.0
18:23:25,52.2,24.2,85.83,29.0
18:23:27,52.2,24.2,86.67,29.0
18:23:29,52.2,24.2,86.67,29.0
18:23:31,52.2,24.2,86.67,29.0
18:23:33,52.2,24.2,86.67,29.0
18:23:35,52.2,24.2,85.83,29.0
18:23:37,52.3,24.1,85.83,29.0
18:23:39,52.3,24.2,85.83,29.0
18:23:41,52.3,24.2,84.17,29.0
18:23:43,52.3,24.2,85.0,29.0
18:23:45,52.3,24.2,84.17,29.0
18:23:48,52.3,24.2,84.17,29.0
18:23:50,52.4,24.2,84.17,29.0
18:23:52,52.3,24.2,80.83,29.0
18:23:54,52.3,24.2,78.33,29.0
18:23:56,52.3,24.2,59.17,29.0
18:23:58,52.3,24.3,84.17,29.0
18:24:00,52.2,24.3,85.0,29.0
18:24:02,52.2,24.3,85.0,29.0
18:24:04,52.3,24.3,85.0,29.0
18:24:06,52.2,24.3,82.5,29.0
18:24:08,52.2,24.3,81.67,29.0
18:24:10,52.2,24.3,82.5,29.0
18:24:12,52.1,24.3,79.17,29.0
18:24:14,52.1,24.3,85.0,29.0
18:24:16,52.2,24.3,83.33,29.0
18:24:18,52.2,24.3,84.17,29.0
18:24:20,52.2,24.4,83.33,29.0
18:24:22,52.2,24.3,84.17,29.0
18:24:24,52.1,24.4,83.33,29.0
18:24:26,52.1,24.4,85.0,29.0
18:24:28,52.1,24.4,84.17,29.0
18:24:30,52.1,24.4,84.17,29.0
18:24:32,52.1,24.4,84.17,29.0
18:24:34,52.1,24.4,84.17,29.0
18:24:36,52.1,24.4,85.0,29.0
18:24:38,52.1,24.4,84.17,29.0
18:24:40,52.1,24.4,84.17,29.0
18:24:42,52.1,24.4,83.33,29.0
18:24:44,52.1,24.4,84.17,29.0
18:24:46,52.1,24.4,83.33,29.0
18:24:49,52.2,24.4,83.33,29.0
18:24:51,52.2,24.4,85.0,29.0
18:24:53,52.2,24.4,83.33,29.0
18:24:55,52.2,24.4,84.17,29.0
18:24:57,52.2,24.4,84.17,29.0
18:24:59,52.1,24.4,85.0,29.0
18:25:01,52.1,24.4,83.33,29.0
18:25:03,52.1,24.4,84.17,29.0
18:25:05,52.1,24.4,85.0,29.0
18:25:07,52.1,24.4,84.17,29.0
18:25:09,52.1,24.4,85.0,29.0
18:25:11,52.1,24.4,84.17,29.0
18:25:13,52.1,24.4,85.83,29.0
18:25:15,52.1,24.4,85.0,29.0
18:25:17,52.1,24.4,83.33,29.0
18:25:19,52.1,24.4,84.17,29.0
18:25:21,52.1,24.4,83.33,29.0
18:25:23,52.1,24.4,84.17,29.0
18:25:25,52.1,24.4,85.0,29.0
18:25:27,52.1,24.4,85.0,29.0
18:25:29,52.2,24.4,86.67,29.0
18:25:31,52.1,24.4,85.0,29.0
18:25:33,52.1,24.4,84.17,29.0
18:25:35,52.1,24.4,80.83,29.0
18:25:37,52.1,24.4,88.33,29.0
18:25:39,52.2,24.4,89.17,29.0
18:25:41,52.1,24.4,88.33,29.0
18:25:43,52.1,24.4,89.17,29.0
18:25:45,52.2,24.4,88.33,29.0
18:25:47,52.2,24.4,87.5,29.0
18:25:49,52.1,24.4,87.5,29.0
18:25:51,52.2,24.4,87.5,29.0
18:25:53,52.2,24.4,87.5,29.0
18:25:55,52.2,24.4,87.5,29.0
18:25:57,52.2,24.4,87.5,29.0
18:25:59,52.2,24.4,87.5,29.0
18:26:01,52.2,24.4,87.5,29.0
18:26:03,52.3,24.5,87.5,29.0
18:26:05,52.2,24.4,87.5,29.0
18:26:07,52.2,24.5,88.33,29.0
18:26:09,52.2,24.5,88.33,29.0
18:26:11,52.2,24.4,87.5,29.0
18:26:13,52.2,24.4,87.5,29.0
18:26:15,52.1,24.5,88.33,29.0
18:26:17,52.1,24.4,87.5,29.0
18:26:19,52.1,24.5,87.5,29.0
18:26:21,52.1,24.5,87.5,29.0
18:26:23,52.1,24.4,87.5,29.0
18:26:25,52.1,24.5,87.5,29.0
18:26:27,52.2,24.5,87.5,29.0
18:26:29,52.1,24.5,87.5,29.0
18:26:31,52.1,24.5,88.33,29.0
18:26:33,52.1,24.5,88.33,29.0
18:26:35,52.1,24.5,87.5,29.0
18:26:37,52.1,24.5,88.33,29.0
18:26:39,52.1,24.5,88.33,29.0
18:26:41,52.1,24.5,89.17,29.0
18:26:43,52.1,24.5,88.33,29.0
18:26:45,52.1,24.5,88.33,29.0
18:26:47,52.1,24.5,88.33,29.0
18:26:50,52.1,24.5,87.5,29.0
18:26:52,52.1,24.5,88.33,29.0
18:26:54,52.1,24.5,87.5,29.0
18:26:56,52.1,24.5,87.5,29.0
18:26:58,52.1,24.5,87.5,29.0
18:27:00,52.1,24.5,88.33,29.0
18:27:02,52.1,24.5,87.5,29.0
18:27:04,52.1,24.5,87.5,29.0
18:27:06,52.0,24.5,87.5,29.0
18:27:08,52.0,24.5,87.5,29.0
18:27:10,52.0,24.5,87.5,29.0
18:27:12,52.0,24.5,87.5,29.0
18:27:14,52.0,24.5,87.5,29.0
18:27:16,52.0,24.5,87.5,29.0
18:27:18,52.0,24.5,87.5,29.0
18:27:20,52.0,24.5,87.5,29.0
18:27:22,52.1,24.5,87.5,29.0
18:27:24,52.0,24.5,87.5,29.0
18:27:26,52.0,24.5,87.5,29.0
18:27:28,52.0,24.5,87.5,29.0
18:27:30,52.0,24.5,87.5,29.0
18:27:32,52.0,24.5,88.33,29.0
18:27:34,52.0,24.5,88.33,29.0
18:27:36,52.0,24.5,87.5,29.0
18:27:38,52.0,24.5,87.5,29.0
18:27:40,52.0,24.5,88.33,29.0
18:27:42,52.0,24.5,88.33,29.0
18:27:44,52.0,24.5,87.5,29.0
18:27:46,52.0,24.5,88.33,29.0
18:27:48,52.0,24.5,88.33,29.0
18:27:50,52.0,24.5,87.5,29.0
18:27:52,52.0,24.4,87.5,29.0
18:27:54,52.0,24.4,87.5,29.0
18:27:56,52.0,24.5,88.33,29.0
18:27:58,52.0,24.4,87.5,29.0
18:28:00,52.0,24.4,88.33,29.0
18:28:02,52.0,24.5,89.17,29.0
18:28:04,52.0,24.4,88.33,29.0
18:28:06,52.0,24.4,87.5,29.0
18:28:08,52.0,24.4,89.17,29.0
18:28:10,52.0,24.4,88.33,29.0
18:28:12,52.0,24.4,87.5,29.0
18:28:14,52.0,24.4,87.5,29.0
18:28:16,52.0,24.4,86.67,29.0
18:28:18,52.0,24.4,87.5,29.0
18:28:20,52.0,24.4,88.33,29.0
18:28:22,52.0,24.4,87.5,29.0
18:28:24,52.0,24.4,88.33,29.0
18:28:26,52.0,24.4,86.67,29.0
18:28:28,52.1,24.4,86.67,29.0
18:28:30,52.1,24.4,88.33,29.0
18:28:32,52.1,24.4,87.5,29.0
18:28:34,52.1,24.4,88.33,29.0
18:28:36,52.1,24.4,87.5,29.0
18:28:38,52.1,24.4,87.5,29.0
18:28:40,52.1,24.5,88.33,29.0
18:28:42,52.2,24.5,88.33,29.0
18:28:44,52.2,24.5,89.17,29.0
18:28:46,52.2,24.5,88.33,29.0
18:28:48,52.2,24.5,87.5,29.0
18:28:51,52.3,24.5,87.5,29.0
18:28:53,52.3,24.6,88.33,29.0
18:28:55,52.2,24.6,88.33,29.0
18:28:57,52.2,24.6,88.33,29.0
18:28:59,52.2,24.6,88.33,29.0
18:29:01,52.1,24.7,88.33,29.0
18:29:03,52.1,24.7,87.5,29.0
18:29:05,52.1,24.7,87.5,29.0
18:29:07,52.1,24.8,88.33,29.0
18:29:09,52.0,24.8,88.33,29.0
18:29:11,51.9,24.8,89.17,29.0
18:29:13,51.9,24.9,87.5,29.0
18:29:15,51.9,24.9,87.5,29.0
18:29:17,51.8,24.9,87.5,29.0
18:29:19,51.8,24.9,87.5,29.0
18:29:21,51.7,25.0,88.33,29.0
18:29:23,51.7,25.0,89.17,29.0
18:29:25,51.6,25.0,87.5,29.0
18:29:27,51.6,25.1,88.33,29.0
18:29:29,51.6,25.1,87.5,29.0
18:29:31,51.6,25.1,87.5,29.0
18:29:33,51.5,25.1,88.33,29.0
18:29:35,51.5,25.2,87.5,29.0
18:29:37,51.5,25.2,88.33,29.0
18:29:39,51.5,25.2,88.33,29.0
18:29:41,51.4,25.2,88.33,29.0
18:29:43,51.4,25.2,88.33,29.0
18:29:45,51.4,25.3,88.33,29.0
18:29:47,51.4,25.3,87.5,29.0
18:29:49,51.4,25.3,87.5,29.0
18:29:51,51.3,25.4,88.33,29.0
18:29:53,51.3,25.4,87.5,29.0
18:29:55,51.3,25.4,87.5,29.0
18:29:57,51.2,25.4,87.5,29.0
18:29:59,51.2,25.5,87.5,29.0
18:30:01,51.1,25.5,87.5,29.0
18:30:03,51.1,25.5,88.33,29.0
18:30:05,51.1,25.5,89.17,29.0
18:30:07,51.1,25.5,88.33,29.0
18:30:09,51.1,25.6,89.17,29.0
18:30:11,51.0,25.6,88.33,29.0
18:30:13,51.0,25.6,87.5,29.0
18:30:15,51.0,25.7,89.17,29.0
18:30:17,50.9,25.7,88.33,29.0
18:30:19,50.9,25.7,87.5,29.0
18:30:21,50.8,25.8,87.5,29.0
18:30:23,50.8,25.8,87.5,29.0
18:30:25,50.8,25.8,87.5,29.0
18:30:27,50.7,25.8,87.5,29.0
18:30:29,50.7,25.9,88.33,29.0
18:30:31,50.6,25.9,88.33,29.0
18:30:33,50.6,25.9,87.5,29.0
18:30:35,50.6,25.9,88.33,29.0
18:30:37,50.5,26.0,88.33,29.0
18:30:39,50.5,26.0,87.5,29.0
18:30:41,50.4,26.0,88.33,29.0
18:30:43,50.4,26.0,87.5,29.0
18:30:45,50.3,26.0,87.5,29.0
18:30:47,50.3,26.1,87.5,29.0
18:30:49,50.3,26.1,88.33,29.0
18:30:51,50.3,26.1,87.5,29.0
18:30:53,50.2,26.1,88.33,29.0
18:30:55,50.2,26.1,87.5,29.0
18:30:57,50.2,26.1,87.5,29.0
18:30:59,50.1,26.2,88.33,29.0
18:31:01,50.1,26.2,88.33,29.0
18:31:03,50.1,26.2,87.5,29.0
18:31:05,50.1,26.2,88.33,29.0
18:31:07,50.0,26.2,88.33,29.0
18:31:09,50.0,26.2,87.5,29.0
18:31:11,50.1,26.2,87.5,29.0
18:31:13,50.1,26.2,88.33,29.0
18:31:15,50.0,26.3,87.5,29.0
18:31:17,50.0,26.3,87.5,29.0
18:31:19,50.0,26.3,87.5,29.0
18:31:21,50.0,26.3,88.33,29.0
18:31:23,50.0,26.3,87.5,29.0
18:31:25,50.0,26.3,88.33,29.0
18:31:27,50.0,26.4,89.17,29.0
18:31:29,50.0,26.4,88.33,29.0
18:31:31,49.9,26.4,88.33,29.0
18:31:33,49.9,26.4,88.33,29.0
18:31:35,49.9,26.5,87.5,29.0
18:31:37,49.9,26.5,87.5,29.0
18:31:39,49.9,26.5,87.5,29.0
18:31:41,49.8,26.5,87.5,29.0
18:31:43,49.8,26.6,88.33,29.0
18:31:45,49.8,26.6,88.33,29.0
18:31:47,49.8,26.6,88.33,29.0
18:31:49,49.7,26.6,89.17,29.0
18:31:52,49.7,26.7,87.5,29.0
18:31:54,49.7,26.7,87.5,29.0
18:31:56,49.7,26.7,88.33,29.0
18:31:58,49.7,26.8,88.33,29.0
18:32:00,49.6,26.8,87.5,29.0
18:32:02,49.6,26.8,88.33,29.0
18:32:04,49.6,26.8,88.33,29.0
18:32:06,49.6,26.9,89.17,29.0
18:32:08,49.5,26.9,88.33,29.0
18:32:10,49.5,26.9,89.17,29.0
18:32:12,49.5,26.9,88.33,29.0
18:32:14,49.4,27.0,88.33,29.0
18:32:16,49.4,27.0,87.5,29.0
18:32:18,49.3,27.0,88.33,29.0
18:32:20,49.3,27.0,87.5,29.0
18:32:22,49.3,27.0,87.5,29.0
18:32:24,49.2,27.1,87.5,29.0
18:32:26,49.2,27.1,87.5,29.0
18:32:28,49.2,27.1,87.5,29.0
18:32:30,49.2,27.1,88.33,29.0
18:32:32,49.1,27.2,89.17,29.0
18:32:34,49.0,27.2,88.33,29.0
18:32:36,49.0,27.2,89.17,29.0
18:32:38,48.9,27.2,88.33,29.0
18:32:40,49.0,27.2,87.5,29.0
18:32:42,48.9,27.2,87.5,29.0
18:32:44,48.9,27.3,88.33,29.0
18:32:46,48.9,27.3,87.5,29.0
18:32:48,48.9,27.3,87.5,29.0
18:32:50,48.9,27.3,87.5,28.0
18:32:52,48.9,27.4,89.17,28.0
18:32:54,48.9,27.4,88.33,28.0
18:32:56,48.8,27.4,88.33,28.0
18:32:58,48.8,27.4,89.17,28.0
18:33:00,48.8,27.4,88.33,28.0
18:33:02,48.7,27.4,88.33,28.0
18:33:04,48.7,27.4,89.17,28.0
18:33:06,48.7,27.5,88.33,28.0
18:33:08,48.7,27.5,87.5,28.0
18:33:10,48.6,27.5,87.5,28.0
18:33:12,48.6,27.5,87.5,28.0
18:33:14,48.6,27.5,87.5,28.0
18:33:16,48.6,27.5,87.5,28.0
18:33:18,48.5,27.5,87.5,28.0
18:33:20,48.5,27.5,88.33,28.0
18:33:22,48.5,27.5,87.5,28.0
18:33:24,48.4,27.5,87.5,28.0
18:33:26,48.4,27.5,88.33,28.0
18:33:28,48.4,27.5,88.33,28.0
18:33:30,48.4,27.5,87.5,28.0
18:33:32,48.4,27.6,87.5,28.0
18:33:34,48.4,27.5,87.5,28.0
18:33:36,48.4,27.6,88.33,28.0
18:33:38,48.4,27.6,88.33,28.0
18:33:40,48.4,27.6,87.5,28.0
18:33:42,48.4,27.6,87.5,28.0
18:33:44,48.4,27.6,87.5,28.0
18:33:46,48.4,27.6,87.5,28.0
18:33:48,48.4,27.6,87.5,28.0
18:33:50,48.4,27.6,87.5,28.0
18:33:53,48.4,27.6,87.5,28.0
18:33:55,48.4,27.7,88.33,28.0
18:33:57,48.4,27.7,88.33,28.0
18:33:59,48.3,27.7,88.33,28.0
18:34:01,48.3,27.7,87.5,28.0
18:34:03,48.3,27.7,87.5,28.0
18:34:05,48.3,27.7,87.5,28.0
18:34:07,48.3,27.7,87.5,28.0
18:34:09,48.2,27.7,88.33,28.0
18:34:11,48.2,27.7,88.33,28.0
18:34:13,48.2,27.7,88.33,28.0
18:34:15,48.2,27.7,88.33,28.0
18:34:17,48.1,27.7,87.5,28.0
18:34:19,48.1,27.8,89.17,28.0
18:34:21,48.1,27.8,89.17,28.0
18:34:23,48.1,27.8,89.17,28.0
18:34:25,48.1,27.8,88.33,28.0
18:34:27,48.0,27.7,88.33,28.0
18:34:29,48.0,27.8,88.33,28.0
18:34:31,48.0,27.8,89.17,28.0
18:34:33,48.0,27.8,89.17,28.0
18:34:35,48.0,27.8,87.5,28.0
18:34:37,48.0,27.8,87.5,28.0
18:34:39,48.0,27.8,87.5,28.0
18:34:41,48.0,27.8,87.5,28.0
18:34:43,48.0,27.8,88.33,28.0
18:34:45,48.0,27.8,87.5,28.0
18:34:47,48.0,27.8,87.5,28.0
18:34:49,48.0,27.8,87.5,28.0
18:34:51,48.0,27.8,87.5,28.0
18:34:53,47.9,27.7,87.5,28.0
18:34:55,47.9,27.8,87.5,28.0
18:34:57,47.9,27.7,87.5,28.0
18:34:59,47.9,27.7,88.33,28.0
18:35:01,47.9,27.7,87.5,28.0
18:35:03,47.9,27.7,87.5,28.0
18:35:05,48.0,27.8,87.5,28.0
18:35:07,47.9,27.7,88.33,28.0
18:35:09,47.9,27.7,88.33,28.0
18:35:11,47.9,27.7,88.33,28.0
18:35:13,47.9,27.7,87.5,28.0
18:35:15,47.9,27.7,87.5,28.0
18:35:17,47.9,27.7,89.17,28.0
18:35:19,47.9,27.7,88.33,28.0
18:35:21,47.9,27.7,88.33,28.0
18:35:23,48.0,27.7,88.33,28.0
18:35:25,47.9,27.7,88.33,28.0
18:35:27,47.9,27.7,89.17,28.0
18:35:29,47.9,27.7,89.17,28.0
18:35:31,47.9,27.7,89.17,28.0
18:35:33,47.9,27.7,87.5,28.0
18:35:35,47.9,27.7,87.5,28.0
18:35:37,47.9,27.7,87.5,28.0
18:35:39,47.9,27.7,87.5,28.0
18:35:41,47.9,27.7,87.5,28.0
18:35:43,47.9,27.7,88.33,28.0
18:35:45,47.9,27.7,88.33,28.0
18:35:47,47.9,27.7,88.33,28.0
18:35:49,47.9,27.7,88.33,28.0
18:35:51,47.9,27.7,87.5,28.0
18:35:54,47.9,27.7,88.33,28.0
18:35:56,47.9,27.7,88.33,28.0
18:35:58,47.9,27.6,87.5,28.0
18:36:00,47.9,27.7,87.5,28.0
18:36:02,47.9,27.6,87.5,28.0
18:36:04,47.9,27.6,88.33,28.0
18:36:06,47.9,27.6,88.33,28.0
18:36:08,47.9,27.6,88.33,28.0
18:36:10,47.9,27.6,88.33,28.0
18:36:12,47.9,27.6,88.33,28.0
18:36:14,47.9,27.6,88.33,28.0
18:36:16,47.9,27.6,88.33,28.0
18:36:18,47.9,27.6,88.33,28.0
18:36:20,47.9,27.6,89.17,28.0
18:36:22,47.9,27.6,87.5,28.0
18:36:24,47.9,27.6,87.5,28.0
18:36:26,47.9,27.6,88.33,28.0
18:36:28,47.9,27.6,88.33,28.0
18:36:30,47.9,27.6,87.5,28.0
18:36:32,47.9,27.6,87.5,28.0
18:36:34,47.9,27.6,87.5,28.0
18:36:36,47.9,27.6,87.5,28.0
18:36:38,47.8,27.6,87.5,28.0
18:36:40,47.8,27.6,87.5,28.0
18:36:42,47.8,27.5,87.5,28.0
18:36:44,47.8,27.5,87.5,28.0
18:36:46,47.8,27.5,87.5,28.0
18:36:48,47.8,27.5,88.33,28.0
18:36:50,47.8,27.5,88.33,28.0
18:36:52,47.8,27.4,87.5,28.0
18:36:54,47.8,27.4,87.5,28.0
18:36:56,47.8,27.4,87.5,28.0
18:36:58,47.8,27.4,87.5,28.0
18:37:00,47.9,27.3,87.5,28.0
18:37:02,47.9,27.3,87.5,28.0
18:37:04,47.8,27.2,87.5,28.0
18:37:06,47.9,27.2,87.5,28.0
18:37:08,47.9,27.2,89.17,28.0
18:37:10,47.9,27.2,89.17,28.0
18:37:12,48.0,27.1,89.17,28.0
18:37:14,48.0,27.1,88.33,28.0
19:16:23,49.3,26.6,87.5,28.0
19:16:25,49.3,26.6,88.33,28.0
19:16:27,49.3,26.7,87.5,28.0
19:16:29,49.3,26.7,88.33,28.0
19:16:31,49.3,26.7,88.33,28.0
19:16:33,49.3,26.7,88.33,28.0
19:16:35,49.3,26.7,89.17,28.0
19:16:37,49.3,26.7,88.33,28.0
19:16:39,49.3,26.7,87.5,28.0
19:16:41,49.3,26.7,87.5,28.0
19:16:43,49.2,26.7,88.33,28.0
19:16:45,49.2,26.8,87.5,28.0
19:16:47,49.2,26.8,88.33,28.0
19:16:49,49.2,26.8,88.33,28.0
19:16:51,49.2,26.8,88.33,28.0
19:16:53,49.1,26.8,88.33,28.0
19:16:55,49.1,26.8,88.33,28.0
19:16:57,49.1,26.8,87.5,28.0
19:16:59,49.1,26.8,87.5,28.0
19:17:01,49.1,26.8,87.5,28.0
19:17:03,49.1,26.8,86.67,28.0
19:17:05,49.1,26.8,87.5,28.0
19:17:07,49.0,26.9,87.5,28.0
19:17:25,48.9,26.9,87.5,28.0
19:17:27,48.9,26.9,87.5,28.0
19:17:29,48.9,26.9,87.5,28.0
19:17:31,48.9,26.9,87.5,28.0
19:17:33,48.9,27.0,86.67,28.0
19:17:35,48.9,27.0,87.5,28.0
19:17:37,48.8,27.0,87.5,28.0
19:17:39,48.8,27.0,87.5,28.0
19:17:41,48.8,27.0,87.5,28.0
19:17:43,48.8,27.0,88.33,28.0
19:17:45,48.8,27.0,88.33,28.0
19:17:47,48.8,27.0,87.5,28.0
19:17:49,48.8,27.0,88.33,28.0
19:17:51,48.8,27.0,87.5,28.0
19:17:53,48.8,27.0,86.67,28.0
19:17:59,48.8,27.0,87.5,28.0
19:18:01,48.8,27.0,88.33,28.0
19:18:03,48.8,27.0,88.33,28.0
19:18:05,48.7,27.0,88.33,28.0
19:18:17,48.7,27.1,87.5,28.0
19:18:19,48.7,27.1,88.33,28.0
19:18:21,48.7,27.1,87.5,28.0
19:18:24,48.7,27.1,88.33,28.0
19:18:26,48.7,27.1,87.5,28.0
19:18:28,48.6,27.1,88.33,28.0
19:18:30,48.7,27.1,87.5,28.0
19:18:32,48.6,27.1,86.67,28.0
19:18:34,48.6,27.1,87.5,28.0
19:18:36,48.6,27.1,87.5,28.0
19:18:38,48.7,27.1,88.33,28.0
19:18:40,48.6,27.1,88.33,28.0
19:18:42,48.6,27.1,86.67,28.0
19:18:44,48.6,27.1,87.5,28.0
19:21:15,48.8,26.3,85.83,28.0
19:21:17,48.7,26.2,85.83,28.0
19:21:19,48.8,26.2,86.67,28.0
19:21:21,48.8,26.2,85.83,28.0
19:21:23,48.9,26.2,86.67,28.0
19:21:26,49.0,26.2,85.83,28.0
19:21:28,49.1,26.2,85.0,28.0
19:21:30,49.1,26.1,85.0,28.0
19:21:32,49.2,26.1,85.83,28.0
19:21:34,49.2,26.1,85.0,28.0
19:21:36,49.2,26.2,85.83,28.0
19:21:38,49.3,26.1,85.83,28.0
19:21:40,49.3,26.1,86.67,28.0
19:21:42,49.3,26.1,85.83,28.0
19:21:44,49.4,26.1,86.67,28.0
19:21:46,49.4,26.1,86.67,28.0
19:21:48,49.4,26.1,85.83,28.0
19:21:50,49.4,26.1,86.67,28.0
19:21:52,49.4,26.1,85.83,28.0
19:21:54,49.4,26.2,83.33,28.0
19:21:56,49.4,26.2,82.5,28.0
19:21:58,49.4,26.2,83.33,28.0
19:22:00,49.4,26.2,79.17,28.0
19:22:02,49.4,26.2,77.5,28.0
19:22:04,49.4,26.2,76.67,28.0
19:22:06,49.5,26.2,79.17,28.0
19:22:08,49.5,26.2,81.67,28.0
19:22:10,49.4,26.2,80.0,28.0
19:22:12,49.4,26.2,81.67,28.0
19:22:14,49.4,26.2,80.83,28.0
19:22:16,49.3,26.2,81.67,28.0
19:22:18,49.3,26.2,82.5,28.0
19:22:20,49.3,26.2,80.0,28.0
19:22:22,49.3,26.2,81.67,28.0
19:22:24,49.3,26.2,85.0,28.0
19:22:26,49.2,26.2,83.33,28.0
19:22:28,49.2,26.2,82.5,28.0
19:22:30,49.3,26.2,83.33,28.0
19:22:32,49.3,26.2,84.17,28.0
19:22:34,49.2,26.1,82.5,28.0
19:22:36,49.3,26.2,80.83,28.0
19:22:38,49.2,26.1,79.17,28.0
19:22:40,49.2,26.1,75.0,28.0
19:22:42,49.2,26.1,84.17,28.0
19:22:44,49.2,26.1,85.0,28.0
19:22:46,49.2,26.1,81.67,28.0
19:22:48,49.3,26.1,79.17,28.0
19:22:50,49.3,26.0,80.83,28.0
19:22:52,49.3,26.0,80.0,28.0
19:22:54,49.3,26.0,79.17,28.0
19:22:56,49.3,26.0,75.83,28.0
19:22:58,49.3,26.0,74.17,28.0
19:23:00,49.3,25.9,81.67,28.0
19:23:02,49.3,25.9,80.0,28.0
19:23:04,49.3,25.9,79.17,28.0
19:23:06,49.3,25.9,80.83,28.0
19:23:08,49.3,25.8,83.33,28.0
19:23:10,49.3,25.8,80.83,28.0
19:23:12,49.4,25.8,82.5,28.0
19:23:14,49.4,25.8,81.67,28.0
19:23:16,49.4,25.8,81.67,28.0
19:23:18,49.4,25.7,80.83,28.0
19:23:20,49.4,25.7,82.5,28.0
19:23:22,49.5,25.7,79.17,28.0
19:23:24,49.5,25.7,80.83,28.0
19:23:27,49.5,25.7,81.67,28.0
19:23:29,49.5,25.7,81.67,28.0
19:23:31,49.6,25.6,81.67,28.0
19:23:33,49.7,25.6,81.67,28.0
19:23:35,49.8,25.6,81.67,28.0
19:23:37,49.9,25.6,81.67,28.0
19:23:39,49.9,25.6,81.67,28.0
19:23:41,50.0,25.6,81.67,28.0
19:23:43,50.1,25.6,81.67,28.0
19:23:45,50.1,25.6,82.5,28.0
19:23:47,50.1,25.6,81.67,28.0
19:23:49,50.1,25.6,82.5,28.0
19:23:51,50.1,25.6,81.67,28.0
19:23:53,50.1,25.6,82.5,28.0
19:23:55,50.1,25.6,81.67,28.0
19:23:57,50.2,25.7,80.83,28.0
19:23:59,50.2,25.7,80.83,28.0
19:24:01,50.2,25.6,82.5,28.0
19:24:03,50.2,25.7,80.83,28.0
19:24:05,50.2,25.7,80.83,28.0
19:24:07,50.2,25.7,82.5,28.0
19:24:09,50.2,25.7,81.67,28.0
19:24:11,50.2,25.7,81.67,28.0
19:24:13,50.2,25.7,81.67,28.0
19:24:15,50.3,25.8,81.67,28.0
19:24:17,50.2,25.8,79.17,28.0
19:24:19,50.2,25.8,80.83,28.0
19:24:21,50.2,25.8,80.83,28.0
19:24:23,50.2,25.8,81.67,28.0
19:24:25,50.2,25.8,81.67,28.0
19:24:27,50.2,25.8,81.67,28.0
19:24:29,50.2,25.8,82.5,28.0
19:24:31,50.2,25.8,80.83,28.0
19:24:33,50.2,25.9,81.67,28.0
19:24:35,50.2,25.9,80.0,28.0
19:24:37,50.2,25.9,77.5,28.0
19:24:39,50.2,25.9,80.0,28.0
19:24:41,50.2,26.0,79.17,28.0
19:24:43,50.2,26.0,72.5,28.0
19:24:45,50.2,26.0,76.67,28.0
19:24:47,50.2,26.0,82.5,28.0
19:24:49,50.1,26.0,82.5,28.0
19:24:51,50.1,26.1,80.83,28.0
19:24:53,50.1,26.1,82.5,28.0
19:24:55,50.1,26.1,81.67,28.0
19:28:29,49.9,25.6,80.0,28.0
19:28:31,50.0,25.6,82.5,28.0
19:28:33,50.0,25.6,81.67,27.0
19:28:35,50.0,25.5,82.5,27.0
19:28:37,50.1,25.5,82.5,27.0
19:28:39,50.1,25.5,81.67,27.0
19:28:41,50.1,25.5,81.67,27.0
19:28:43,50.1,25.5,81.67,27.0
19:28:45,50.2,25.5,77.5,27.0
19:28:47,50.2,25.5,76.67,27.0
19:28:49,50.2,25.5,80.83,27.0
19:28:51,50.3,25.5,82.5,27.0
19:28:53,50.3,25.5,81.67,27.0
19:28:55,50.3,25.5,81.67,27.0
19:28:57,50.3,25.6,82.5,27.0
19:28:59,50.4,25.6,78.33,27.0
19:29:01,50.4,25.6,76.67,27.0
19:29:03,50.4,25.6,79.17,27.0
19:29:05,50.4,25.6,82.5,27.0
19:29:07,50.4,25.6,80.83,27.0
19:29:09,50.4,25.6,81.67,27.0
19:29:11,50.4,25.6,82.5,27.0
19:29:13,50.4,25.6,80.83,27.0
19:29:15,50.4,25.6,82.5,27.0
19:29:17,50.3,25.7,80.0,27.0
19:29:19,50.3,25.7,76.67,27.0
19:29:21,50.3,25.7,80.83,27.0
19:29:23,50.3,25.7,82.5,27.0
19:29:25,50.3,25.7,82.5,27.0
19:29:27,50.3,25.7,81.67,27.0
19:29:30,50.3,25.7,80.0,27.0
19:29:32,50.3,25.7,76.67,27.0
19:29:34,50.2,25.7,80.83,27.0
19:29:36,50.3,25.7,82.5,27.0
19:29:38,50.3,25.8,80.83,27.0
19:29:40,50.3,25.8,82.5,27.0
19:29:42,50.3,25.8,81.67,27.0
19:29:44,50.3,25.7,81.67,27.0
19:29:46,50.3,25.8,81.67,27.0
19:29:48,50.3,25.8,81.67,27.0
19:29:50,50.3,25.8,80.83,27.0
19:29:52,50.3,25.8,80.0,27.0
19:29:54,50.3,25.8,77.5,27.0
19:29:56,50.3,25.8,81.67,27.0
19:29:58,50.3,25.8,82.5,27.0
19:30:00,50.2,25.8,81.67,27.0
19:30:02,50.3,25.8,81.67,27.0
19:30:04,50.3,25.9,81.67,27.0
19:30:06,50.2,25.9,75.83,27.0
19:30:08,50.2,25.9,81.67,27.0
19:30:10,50.1,25.9,80.83,27.0
19:30:12,50.1,25.9,82.5,27.0
19:30:14,50.1,25.9,82.5,27.0
19:30:16,50.0,25.9,81.67,27.0
19:30:18,50.0,25.9,82.5,27.0
19:30:20,50.0,25.9,81.67,27.0
19:30:22,50.0,25.9,80.83,27.0
19:30:24,49.9,25.9,80.83,27.0
19:30:26,49.9,25.9,77.5,27.0
19:30:28,49.9,25.9,78.33,27.0
19:30:31,49.9,25.9,80.83,27.0
19:30:33,49.9,25.8,82.5,27.0
19:30:35,49.9,25.8,81.67,27.0
19:30:37,50.0,25.8,80.83,27.0
19:30:39,50.0,25.8,80.0,27.0
19:30:41,50.0,25.8,75.83,27.0
19:30:43,49.9,25.8,79.17,27.0
19:30:45,50.0,25.7,82.5,27.0
19:30:47,50.0,25.7,81.67,27.0
19:30:49,50.0,25.7,81.67,27.0
19:30:51,50.0,25.7,81.67,27.0
19:30:53,50.0,25.7,82.5,27.0
19:30:55,50.0,25.6,81.67,27.0
19:30:57,50.1,25.6,81.67,27.0
19:30:59,50.0,25.6,81.67,27.0
19:31:01,50.1,25.6,81.67,27.0
19:31:03,50.1,25.6,76.67,27.0
19:31:05,50.1,25.6,80.0,27.0
19:31:07,50.1,25.5,79.17,27.0
19:31:09,50.2,25.5,82.5,27.0
19:31:11,50.2,25.5,80.83,27.0
19:31:13,50.2,25.5,81.67,27.0
19:31:15,50.3,25.5,82.5,27.0
19:31:17,50.3,25.4,81.67,27.0
19:31:19,50.2,25.4,81.67,27.0
19:31:21,50.2,25.4,216.67,27.0
19:31:23,50.3,25.4,0.0,27.0
19:31:25,50.3,25.4,0.0,27.0
19:31:27,50.3,25.3,0.0,27.0
19:31:29,50.3,25.3,0.0,27.0
19:31:31,50.4,25.3,0.0,27.0
19:31:33,50.4,25.2,0.0,27.0
19:31:35,50.4,25.3,0.83,27.0
19:31:37,50.4,25.2,0.0,27.0
19:31:39,50.5,25.2,0.0,27.0
19:31:41,50.4,25.2,0.0,27.0
19:31:43,50.5,25.2,0.0,27.0
19:31:45,50.5,25.2,0.0,27.0
19:31:47,50.5,25.1,0.0,27.0
19:31:49,50.5,25.1,0.0,27.0
19:31:51,50.6,25.1,0.0,27.0
19:31:53,50.6,25.1,0.0,27.0
19:31:55,50.6,25.1,0.83,27.0
19:31:57,50.6,25.0,0.0,27.0
19:31:59,50.6,25.0,0.83,27.0
19:32:01,50.6,25.0,0.83,27.0
19:32:03,50.6,25.0,0.83,27.0
19:32:05,50.6,25.0,0.83,27.0
19:32:07,50.6,25.0,0.83,27.0
19:32:09,50.6,24.9,0.0,27.0
19:32:11,50.7,24.9,0.0,27.0
19:32:13,50.7,24.9,0.83,27.0
19:32:15,50.6,24.9,0.0,27.0
19:32:17,50.7,24.9,0.83,27.0
19:32:19,50.7,24.9,0.83,27.0
19:32:21,50.7,24.9,0.0,27.0
19:32:23,50.7,24.9,0.83,27.0
19:32:25,50.7,24.8,0.83,27.0
19:32:27,50.7,24.8,0.83,27.0
19:32:29,50.7,24.8,0.83,27.0
19:32:32,50.8,24.8,0.0,27.0
19:32:34,50.8,24.8,0.0,27.0
19:32:36,50.8,24.8,0.0,27.0
19:32:38,50.8,24.8,0.0,27.0
19:32:40,50.8,24.8,0.0,27.0
19:32:42,50.8,24.8,0.0,27.0
19:32:44,50.8,24.7,0.0,27.0
19:32:46,50.8,24.7,0.0,27.0
19:32:48,50.8,24.7,0.0,27.0
19:32:50,50.8,24.7,0.0,27.0
19:32:52,50.8,24.7,0.0,27.0
19:32:54,50.8,24.7,0.0,27.0
19:32:56,50.8,24.7,0.0,27.0
19:32:58,50.8,24.7,0.0,27.0
19:33:00,50.8,24.7,0.0,27.0
19:33:02,50.8,24.7,0.0,27.0
19:33:04,50.8,24.7,0.0,27.0
19:33:06,50.8,24.6,0.0,27.0
19:33:08,50.8,24.6,0.0,27.0
19:33:10,50.8,24.6,0.0,27.0
19:33:12,50.8,24.6,0.0,27.0
19:33:14,50.8,24.6,0.0,27.0
19:33:16,50.8,24.6,0.0,27.0
19:33:18,50.8,24.6,0.0,27.0
19:33:20,50.8,24.6,0.0,27.0
19:33:22,50.8,24.5,0.0,27.0
19:33:24,50.8,24.5,0.0,27.0
19:33:26,50.8,24.5,0.0,27.0
19:33:28,50.9,24.5,0.0,27.0
19:33:30,50.9,24.5,0.0,27.0
19:33:32,50.9,24.5,0.0,27.0
19:33:34,50.9,24.4,0.0,27.0
19:33:36,50.9,24.4,0.0,27.0
19:33:38,50.9,24.4,0.0,27.0
19:33:40,50.9,24.4,0.0,27.0
19:33:42,50.9,24.4,0.0,27.0
19:33:44,50.9,24.4,0.0,27.0
19:33:46,50.9,24.4,0.0,27.0
19:33:48,50.9,24.3,0.0,27.0
19:33:50,50.9,24.3,0.0,27.0
19:33:52,50.9,24.3,0.0,27.0
19:33:54,50.9,24.3,0.0,27.0
19:33:56,50.9,24.3,0.0,27.0
19:33:58,50.9,24.2,0.0,27.0
19:34:00,50.9,24.2,0.0,27.0
19:34:02,50.9,24.2,0.0,27.0
19:34:04,50.9,24.2,0.0,27.0
19:34:06,50.9,24.2,0.0,27.0
19:34:08,50.9,24.2,0.0,27.0
19:34:10,50.9,24.1,0.0,27.0
19:34:12,50.9,24.1,0.0,27.0
19:34:14,50.9,24.1,0.0,27.0
19:34:16,50.9,24.1,0.0,27.0
19:34:18,50.9,24.0,0.0,27.0
19:34:20,51.0,24.0,0.0,27.0
19:34:22,51.0,24.0,0.0,27.0
19:34:24,51.0,24.0,0.0,27.0
19:34:26,51.0,24.0,0.0,27.0
19:34:28,51.0,23.9,0.0,27.0
19:34:30,51.0,23.9,0.0,27.0
19:34:33,51.0,23.9,0.0,27.0
19:34:35,51.1,23.9,0.0,27.0
19:34:37,51.1,23.9,0.0,27.0
19:34:39,51.1,23.9,0.0,27.0
19:34:41,51.1,23.8,0.83,27.0
19:34:43,51.2,23.8,0.83,27.0
19:34:45,51.2,23.8,0.83,27.0
19:34:47,51.2,23.8,0.83,27.0
19:34:49,51.3,23.8,0.83,27.0
19:34:51,51.3,23.8,0.83,27.0
19:34:53,51.4,23.8,0.83,27.0
19:34:55,51.4,23.8,0.0,27.0
19:34:57,51.5,23.8,0.0,27.0
19:34:59,51.5,23.8,0.0,27.0
19:35:01,51.6,23.8,0.0,27.0
19:35:03,51.5,23.8,0.0,27.0
19:35:05,51.6,23.8,0.0,27.0
19:35:07,51.6,23.8,0.0,27.0
19:35:09,51.6,23.8,0.0,27.0
19:35:11,51.6,23.8,0.0,27.0
19:35:13,51.6,23.8,0.0,27.0
19:35:15,51.6,23.8,0.0,27.0
19:35:17,51.6,23.8,0.0,27.0
19:35:19,51.6,23.9,0.0,27.0
19:35:21,51.6,23.9,0.0,27.0
19:35:23,51.5,23.9,0.0,27.0
19:35:25,51.5,23.9,0.0,27.0
19:35:27,51.4,23.9,0.0,27.0
19:35:29,51.3,23.9,0.0,27.0
19:35:31,51.3,23.9,0.0,27.0
19:35:33,51.2,23.9,0.0,27.0
19:35:35,51.2,23.9,0.0,27.0
19:35:37,51.2,23.9,0.0,27.0
19:35:39,51.2,23.9,0.0,27.0
19:35:41,51.2,23.9,0.0,27.0
19:35:43,51.3,23.9,0.0,27.0
19:35:45,51.3,23.9,0.0,27.0
19:35:47,51.3,23.9,0.0,27.0
19:35:49,51.3,23.9,0.0,27.0
19:35:51,51.4,23.9,0.0,27.0
19:35:53,51.4,23.9,0.0,27.0
19:35:55,51.4,23.9,0.0,27.0
19:35:57,51.5,23.9,0.0,27.0
19:35:59,51.5,23.9,0.0,27.0
19:36:01,51.4,23.9,0.0,27.0
19:36:03,51.4,23.9,0.0,27.0
19:36:05,51.3,23.9,0.0,27.0
19:36:07,51.4,23.9,0.0,27.0
19:36:09,51.4,23.9,0.0,27.0
19:36:11,51.4,23.9,0.0,27.0
19:36:13,51.3,23.9,0.0,27.0
19:36:15,51.3,23.9,0.0,27.0
19:36:17,51.3,23.9,0.0,27.0
19:36:19,51.3,23.9,0.0,27.0
19:36:21,51.3,23.9,0.0,27.0
19:36:23,51.3,23.8,0.0,27.0
19:36:25,51.3,23.9,0.0,27.0
19:36:27,51.3,23.8,0.0,27.0
19:36:29,51.2,23.8,0.0,27.0
19:36:31,51.2,23.8,0.0,27.0
19:36:34,51.3,23.8,0.0,27.0
19:36:36,51.2,23.8,0.0,27.0
19:36:38,51.3,23.8,0.0,27.0
19:36:40,51.2,23.8,0.0,27.0
19:36:42,51.2,23.7,0.0,27.0
19:36:44,51.2,23.7,0.0,27.0
19:36:46,51.2,23.7,0.0,27.0
19:36:48,51.2,23.7,0.0,27.0
19:36:50,51.2,23.7,0.0,27.0
19:36:52,51.2,23.7,0.0,27.0
19:36:54,51.3,23.7,0.0,27.0
19:36:56,51.2,23.7,0.0,27.0
19:36:58,51.3,23.6,0.0,27.0
19:37:00,51.3,23.6,0.0,27.0
19:37:02,51.3,23.6,0.0,27.0
19:37:04,51.3,23.6,0.0,27.0
19:37:06,51.3,23.6,0.0,27.0
19:37:08,51.3,23.6,0.0,27.0
19:37:10,51.3,23.6,0.0,27.0
19:37:12,51.2,23.5,0.0,27.0
19:37:14,51.3,23.5,0.0,27.0
19:37:16,51.3,23.5,0.0,27.0
19:37:18,51.3,23.5,0.0,27.0
19:37:20,51.3,23.5,0.0,27.0
19:37:22,51.3,23.5,0.0,27.0
19:37:24,51.3,23.5,0.0,27.0
19:37:26,51.3,23.4,0.0,27.0
19:37:28,51.3,23.4,0.83,27.0
19:37:30,51.3,23.4,0.83,27.0
19:37:32,51.3,23.4,0.0,27.0
19:37:34,51.3,23.3,0.0,27.0
19:37:36,51.3,23.3,0.0,27.0
19:37:38,51.3,23.3,0.0,27.0
19:37:40,51.3,23.3,0.0,27.0
19:37:42,51.4,23.3,0.0,27.0
19:37:44,51.4,23.3,0.0,27.0
19:37:46,51.5,23.3,0.0,27.0
19:37:48,51.6,23.3,0.0,27.0
19:37:50,51.7,23.3,0.0,27.0
19:37:52,51.8,23.2,0.0,27.0
19:37:54,51.8,23.3,0.0,27.0
19:37:56,51.9,23.3,0.0,27.0
19:37:58,51.9,23.3,0.0,27.0
19:38:00,51.9,23.3,0.0,27.0
19:38:02,51.9,23.4,0.0,27.0
19:38:04,51.9,23.4,0.0,27.0
19:38:06,51.9,23.4,0.0,27.0
19:38:08,51.8,23.5,0.0,27.0
19:38:10,51.8,23.5,0.0,27.0
19:38:12,51.8,23.5,0.0,27.0
19:38:14,51.7,23.6,0.0,27.0
19:38:16,51.7,23.6,0.0,27.0
19:38:18,51.6,23.7,0.0,27.0
19:38:20,51.5,23.7,0.0,27.0
19:38:22,51.4,23.8,0.0,27.0
19:38:24,51.4,23.8,0.0,27.0
19:38:26,51.3,23.9,0.0,27.0
19:38:28,51.2,24.0,0.0,27.0
19:38:30,51.2,24.0,0.0,27.0
19:38:32,51.3,24.1,0.0,27.0
19:38:35,51.3,24.1,0.0,27.0
19:38:37,51.3,24.2,0.0,27.0
19:38:39,51.2,24.2,0.83,27.0
19:38:41,51.1,24.2,0.0,27.0
19:38:43,51.0,24.3,0.0,27.0
19:38:45,51.0,24.3,0.0,27.0
19:38:47,50.9,24.3,0.0,27.0
19:38:49,50.7,24.3,0.0,27.0
19:38:51,50.7,24.3,0.0,27.0
19:38:53,50.6,24.3,0.0,27.0
19:38:55,50.6,24.3,0.0,27.0
19:38:57,50.5,24.3,0.0,27.0
19:38:59,50.5,24.3,0.0,27.0
19:39:01,50.5,24.3,0.0,27.0
19:39:03,50.4,24.3,0.0,27.0
19:39:05,50.4,24.3,0.0,27.0
19:39:07,50.4,24.3,0.0,27.0
19:39:09,50.3,24.3,0.83,27.0
19:39:11,50.3,24.3,0.0,27.0
19:39:13,50.3,24.2,0.83,27.0
19:39:15,50.3,24.2,0.0,27.0
19:39:17,50.3,24.2,0.83,27.0
19:39:19,50.3,24.2,0.0,27.0
19:39:21,50.3,24.2,0.83,27.0
19:39:23,50.3,24.2,0.83,27.0
19:39:25,50.3,24.1,0.83,27.0
19:39:27,50.3,24.1,0.83,27.0
19:39:29,50.3,24.1,0.83,27.0
19:39:31,50.3,24.1,0.0,27.0
19:39:33,50.3,24.1,0.0,27.0
19:39:35,50.2,24.0,0.0,27.0
19:39:37,50.3,24.0,0.0,27.0
19:39:39,50.3,24.0,0.0,27.0
19:39:41,50.3,24.0,0.0,27.0
19:39:43,50.2,24.0,0.0,27.0
19:39:45,50.2,23.9,0.0,27.0
19:39:47,50.2,23.9,0.0,27.0
19:39:49,50.2,23.9,0.0,27.0
19:39:51,50.2,23.9,0.0,27.0
19:39:53,50.3,23.9,0.0,27.0
19:39:55,50.3,23.8,0.83,27.0
19:39:57,50.3,23.8,0.0,27.0
19:39:59,50.3,23.8,0.0,27.0
19:40:01,50.3,23.8,0.0,27.0
19:40:03,50.3,23.7,0.0,27.0
19:40:05,50.3,23.7,0.0,27.0
19:40:07,50.4,23.7,0.0,27.0
19:40:09,50.4,23.7,0.83,27.0
19:40:11,50.4,23.6,0.83,27.0
19:40:13,50.4,23.6,0.83,27.0
19:40:15,50.4,23.5,0.0,27.0
19:40:17,50.4,23.5,0.0,27.0
19:40:19,50.4,23.5,0.0,27.0
19:40:21,50.4,23.5,0.0,27.0
19:40:23,50.5,23.4,0.0,27.0
19:40:25,50.4,23.4,0.0,27.0
19:40:27,50.5,23.4,0.0,27.0
19:40:29,50.5,23.4,0.0,27.0
19:40:31,50.5,23.3,0.83,27.0
19:40:33,50.5,23.3,0.0,27.0
19:40:36,50.5,23.3,0.0,27.0
19:40:38,50.6,23.2,0.83,27.0
19:40:40,50.6,23.2,0.0,27.0
19:40:42,50.6,23.2,0.0,27.0
19:40:44,50.7,23.1,0.83,27.0
19:40:46,50.7,23.1,0.0,27.0
19:40:48,50.7,23.1,0.0,27.0
19:40:50,50.7,23.1,0.0,27.0
19:40:52,50.7,23.0,0.0,27.0
19:40:54,50.7,23.0,0.0,27.0
19:40:56,50.8,23.0,0.0,27.0
19:40:58,50.8,23.0,0.83,27.0
19:41:00,50.9,23.0,0.0,27.0
19:41:02,50.9,22.9,0.0,27.0
19:41:04,50.9,22.9,0.0,27.0
19:41:06,50.9,22.9,0.83,27.0
19:41:08,50.9,22.8,0.83,27.0
19:41:10,51.0,22.8,0.83,27.0
19:41:12,51.0,22.8,0.83,27.0
19:41:14,51.1,22.8,0.0,27.0
19:41:16,51.1,22.8,0.0,27.0
19:41:18,51.2,22.8,0.0,27.0
19:41:20,51.2,22.7,0.0,27.0
19:41:22,51.3,22.7,0.83,27.0
19:41:24,51.3,22.7,0.0,27.0
19:41:26,51.4,22.7,0.0,27.0
19:41:28,51.4,22.7,0.0,27.0
19:41:30,51.4,22.7,0.0,27.0
19:41:32,51.4,22.7,0.83,27.0
19:41:34,51.4,22.7,0.0,27.0
19:41:36,51.3,22.7,0.0,27.0
19:41:38,51.3,22.7,0.83,27.0
19:41:40,51.3,22.7,0.0,27.0
19:41:42,51.3,22.7,0.0,27.0
19:41:44,51.3,22.6,0.0,27.0
19:41:46,51.3,22.6,0.0,27.0
19:41:48,51.4,22.6,0.0,27.0
19:41:50,51.3,22.6,0.0,27.0
19:41:52,51.3,22.6,0.83,27.0
19:41:54,51.3,22.6,0.83,27.0
19:41:56,51.3,22.5,0.0,27.0
19:41:58,51.4,22.5,0.0,27.0
19:42:00,51.4,22.5,0.0,27.0
19:42:02,51.4,22.5,0.0,27.0
19:42:04,51.4,22.5,0.0,27.0
19:42:06,51.5,22.5,0.0,27.0
19:42:08,51.5,22.4,0.83,27.0
19:42:10,51.6,22.5,0.0,27.0
19:42:12,51.7,22.4,0.0,27.0
19:42:14,51.7,22.4,0.83,27.0
19:42:16,51.8,22.4,0.0,27.0
19:42:18,51.8,22.4,0.0,27.0
19:42:20,51.7,22.4,0.83,27.0
19:42:22,51.7,22.4,0.83,27.0
19:42:24,51.7,22.4,0.83,27.0
19:42:26,51.7,22.4,0.83,27.0
19:42:28,51.7,22.4,0.83,27.0
19:42:30,51.7,22.4,0.0,27.0
19:42:32,51.7,22.4,0.0,27.0
19:42:34,51.7,22.4,0.0,27.0
19:42:37,51.8,22.4,0.83,27.0
19:42:39,51.8,22.3,0.0,27.0
19:42:41,51.8,22.4,0.0,27.0
19:42:43,51.8,22.3,0.0,27.0
19:42:45,51.9,22.3,0.0,27.0
19:42:47,51.8,22.3,0.0,27.0
19:42:49,51.9,22.3,0.0,27.0
19:42:51,52.1,22.3,0.0,27.0
19:42:53,52.0,22.3,0.0,27.0
19:42:55,52.0,22.3,0.0,27.0
19:42:57,51.9,22.3,0.0,27.0
19:42:59,51.9,22.3,0.0,27.0
19:43:01,51.9,22.3,0.0,27.0
19:43:03,51.9,22.3,0.0,27.0
19:43:05,51.9,22.2,0.83,27.0
19:43:07,51.9,22.2,0.0,27.0
19:43:09,51.9,22.2,0.0,27.0
19:43:11,51.9,22.2,0.0,27.0
19:43:13,52.0,22.1,0.0,27.0
19:43:15,52.0,22.1,0.0,27.0
19:43:17,52.0,22.1,0.0,27.0
19:43:19,52.0,22.1,0.0,27.0
19:43:21,52.0,22.0,0.0,27.0
19:43:23,52.0,22.0,0.0,27.0
19:43:25,52.0,22.0,0.0,27.0
19:43:27,52.0,22.0,0.0,27.0
19:43:29,52.0,21.9,0.0,27.0
19:43:31,52.1,21.9,0.0,27.0
19:43:33,52.1,21.9,0.0,27.0
19:43:35,52.2,21.9,0.0,27.0
19:43:37,52.2,21.9,0.83,27.0
19:43:39,52.3,21.8,0.83,27.0
19:43:41,52.3,21.8,0.0,27.0
19:43:43,52.3,21.8,0.83,27.0
19:43:45,52.3,21.8,0.83,27.0
19:43:47,52.3,21.8,0.0,27.0
19:43:49,52.5,21.7,0.0,27.0
19:43:51,52.6,21.8,0.0,27.0
19:43:53,52.6,21.7,0.0,27.0
19:43:55,52.7,21.7,0.83,27.0
19:43:57,52.7,21.7,0.0,27.0
19:43:59,52.8,21.7,0.0,27.0
19:44:01,52.8,21.7,0.83,27.0
19:44:03,52.9,21.7,0.0,27.0
19:44:05,52.9,21.8,0.0,27.0
19:44:07,52.8,21.7,0.83,27.0
19:44:09,52.8,21.7,0.83,27.0
19:44:11,52.8,21.8,0.0,27.0
19:44:13,52.7,21.8,0.0,27.0
19:44:15,52.7,21.8,0.0,27.0
19:44:17,52.7,21.8,0.0,27.0
19:44:19,52.7,21.8,0.0,27.0
19:44:21,52.7,21.8,0.83,27.0
19:44:23,52.7,21.8,0.0,27.0
19:44:25,52.6,21.8,0.0,27.0
19:44:27,52.7,21.7,0.0,27.0
19:44:29,52.7,21.7,0.0,27.0
19:44:31,52.6,21.7,0.0,27.0
19:44:33,52.7,21.7,0.0,27.0
19:44:35,52.6,21.7,0.83,27.0
19:44:38,52.7,21.7,0.0,27.0
19:44:40,52.7,21.7,0.0,27.0
19:44:42,52.7,21.7,0.0,27.0
19:44:44,52.8,21.7,0.0,27.0
19:44:46,52.8,21.7,0.0,27.0
19:44:48,52.7,21.6,0.0,28.0
19:44:50,52.8,21.6,0.0,28.0
19:44:52,52.8,21.6,0.0,28.0
19:44:54,52.8,21.6,0.83,28.0
19:44:56,52.8,21.6,0.83,28.0
19:44:58,52.8,21.6,0.0,28.0
19:45:00,52.8,21.6,0.0,28.0
19:45:02,52.8,21.6,0.0,28.0
19:45:04,52.8,21.6,0.83,28.0
19:45:06,52.8,21.6,0.0,28.0
19:45:08,52.8,21.5,0.0,28.0
19:45:10,52.8,21.5,0.0,28.0
19:45:12,52.8,21.5,0.0,28.0
19:45:14,52.9,21.5,0.0,28.0
19:45:16,52.9,21.5,0.0,28.0
19:45:18,52.9,21.5,0.0,28.0
19:45:20,53.1,21.4,0.0,28.0
19:45:22,53.2,21.4,0.0,28.0
19:45:24,53.2,21.4,0.0,28.0
19:45:26,53.1,21.4,0.0,28.0
19:45:28,53.1,21.4,0.0,28.0
19:45:30,53.0,21.4,0.83,28.0
19:45:32,53.0,21.3,0.83,28.0
19:45:34,53.0,21.3,0.83,28.0
19:45:36,53.0,21.3,0.0,28.0
19:45:39,53.1,21.3,0.83,28.0
19:45:41,53.1,21.2,0.83,28.0
19:45:43,53.1,21.2,0.0,28.0
19:45:45,53.1,21.2,0.0,28.0
19:45:47,53.1,21.2,0.0,28.0
19:45:49,53.1,21.2,0.83,28.0
19:45:51,53.1,21.2,0.0,28.0
19:45:53,53.2,21.2,0.83,28.0
19:45:55,53.3,21.2,0.0,28.0
19:45:57,53.3,21.1,0.0,28.0
19:45:59,53.3,21.1,0.0,28.0
19:46:01,53.3,21.1,0.0,28.0
19:46:03,53.3,21.1,0.0,28.0
19:46:05,53.3,21.1,0.83,28.0
19:46:07,53.3,21.1,0.83,28.0
19:46:09,53.3,21.1,0.83,28.0
19:46:11,53.4,21.1,0.0,28.0
19:46:13,53.4,21.0,0.0,28.0
19:46:15,53.4,21.1,0.0,28.0
19:46:17,53.4,21.1,0.83,28.0
19:46:19,53.5,21.0,0.0,28.0
19:46:21,53.4,21.0,0.83,28.0
19:46:23,53.5,21.0,0.0,28.0
19:46:25,53.5,21.0,0.83,28.0
19:46:27,53.5,21.0,0.0,28.0
19:46:29,53.5,21.0,0.0,28.0
19:46:31,53.5,21.0,0.0,28.0
19:46:33,53.5,21.0,0.0,28.0
19:46:35,53.5,21.0,0.0,28.0
19:46:37,53.5,21.0,0.0,28.0
19:46:39,53.5,21.0,0.0,28.0
19:46:41,53.5,21.0,0.0,28.0
19:46:43,53.5,21.0,0.0,28.0
19:46:45,53.5,21.0,0.83,28.0
19:46:47,53.6,21.0,0.0,28.0
19:46:49,53.6,21.0,0.83,28.0
19:46:51,53.6,21.0,0.0,28.0
19:46:53,53.6,21.0,0.0,28.0
19:46:55,53.6,21.0,0.83,28.0
19:46:57,53.5,21.0,0.0,28.0
19:46:59,53.6,20.9,0.0,28.0
19:47:01,53.6,21.0,0.0,28.0
19:47:03,53.6,20.9,0.0,28.0
19:47:05,53.6,20.9,0.0,28.0
19:47:07,53.6,20.9,0.0,28.0
19:47:09,53.6,20.9,0.83,28.0
19:47:11,53.6,20.9,0.0,28.0
19:47:13,53.6,20.9,0.83,28.0
19:47:15,53.6,20.9,0.0,28.0
19:47:17,53.6,20.9,0.83,28.0
19:47:19,53.7,20.9,0.0,28.0
19:47:21,53.7,20.9,0.83,28.0
19:47:23,53.7,20.9,0.83,28.0
19:47:25,53.7,20.8,0.83,28.0
19:47:27,54.0,20.8,0.0,28.0
19:47:29,54.0,20.8,0.0,28.0
19:47:31,53.9,20.8,0.0,28.0
19:47:33,53.9,20.8,0.0,28.0
19:47:35,53.9,20.8,0.0,28.0
19:47:37,53.9,20.8,0.0,28.0
19:47:40,54.0,20.8,0.0,28.0
19:47:42,53.9,20.7,0.83,28.0
19:47:44,53.9,20.7,0.0,28.0
19:47:46,53.9,20.7,0.0,28.0
19:47:48,53.9,20.7,0.0,28.0
19:47:50,53.9,20.7,0.0,28.0
19:47:52,53.9,20.7,0.0,28.0
19:47:54,53.9,20.7,0.0,28.0
19:47:56,53.9,20.6,0.0,28.0
19:47:58,53.9,20.6,0.83,28.0
19:48:00,54.0,20.6,0.0,28.0
19:48:02,54.0,20.6,0.0,28.0
19:48:04,54.0,20.6,0.0,28.0
19:48:06,54.0,20.6,0.0,28.0
19:48:08,54.0,20.6,0.0,28.0
19:48:10,54.1,20.6,0.83,28.0
19:48:12,54.0,20.6,0.0,28.0
19:48:14,54.1,20.5,0.0,28.0
19:48:16,54.1,20.5,0.83,28.0
19:48:18,54.1,20.5,0.83,28.0
19:48:20,54.1,20.5,0.83,28.0
19:48:22,54.1,20.5,0.0,28.0
19:48:24,54.1,20.5,0.83,28.0
19:48:26,54.1,20.5,0.83,28.0
19:48:28,54.2,20.5,0.0,28.0
19:48:30,54.2,20.5,0.83,28.0
19:48:32,54.2,20.5,0.83,28.0
19:48:34,54.2,20.5,0.83,28.0
19:48:36,54.3,20.5,0.83,28.0
19:48:38,54.4,20.5,0.0,28.0
19:48:40,54.4,20.5,0.0,28.0
19:48:42,54.4,20.4,0.0,28.0
19:48:44,54.3,20.4,0.0,28.0
19:48:46,54.4,20.4,0.83,28.0
19:48:48,54.4,20.4,0.83,28.0
19:48:50,54.4,20.4,0.83,28.0
19:48:52,54.5,20.4,0.83,28.0
19:48:54,54.5,20.4,221.67,28.0
19:48:56,54.6,20.4,219.17,28.0
19:48:58,54.7,20.4,220.83,28.0
19:49:00,54.8,20.4,219.17,28.0
19:49:02,54.9,20.4,219.17,28.0
19:49:04,54.9,20.4,220.83,28.0
19:49:06,54.9,20.5,219.17,28.0
19:49:08,54.9,20.5,218.33,28.0
19:49:10,54.9,20.5,217.5,28.0
19:49:12,54.9,20.5,217.5,28.0
19:49:14,54.9,20.5,220.0,28.0
19:49:16,54.9,20.6,219.17,28.0
19:49:18,54.8,20.6,220.83,28.0
19:49:20,54.7,20.6,221.67,28.0
19:49:22,54.7,20.7,220.0,28.0
19:49:24,54.6,20.7,221.67,28.0
19:49:26,54.5,20.7,219.17,28.0
19:49:28,54.5,20.7,195.0,28.0
19:49:30,54.4,20.7,203.33,28.0
19:49:32,54.5,20.7,212.5,28.0
19:49:34,54.4,20.7,215.83,28.0
19:49:36,54.4,20.7,215.0,28.0
19:49:38,54.4,20.7,214.17,28.0
19:49:41,54.3,20.7,212.5,28.0
19:49:43,54.3,20.7,217.5,28.0
19:49:45,54.3,20.8,215.83,28.0
19:49:47,54.3,20.8,215.83,28.0
19:49:49,54.3,20.8,215.83,28.0
19:49:51,54.3,20.7,214.17,28.0
19:49:53,54.3,20.7,205.0,28.0
19:49:55,54.3,20.8,112.5,28.0
19:49:57,54.3,20.7,105.83,28.0
19:49:59,54.2,20.7,212.5,28.0
19:50:01,54.2,20.7,215.83,28.0
19:50:03,54.2,20.7,212.5,28.0
19:50:05,54.3,20.7,214.17,28.0
19:50:07,54.2,20.7,212.5,28.0
19:50:09,54.3,20.7,215.83,28.0
19:50:11,54.3,20.7,214.17,28.0
19:50:13,54.3,20.7,216.67,28.0
19:50:15,54.3,20.7,214.17,28.0
19:50:17,54.3,20.7,215.83,28.0
19:50:19,54.3,20.7,216.67,28.0
19:50:21,54.3,20.7,215.83,28.0
19:50:23,54.3,20.7,213.33,28.0
19:50:25,54.3,20.7,213.33,28.0
19:50:27,54.3,20.7,216.67,28.0
19:50:29,54.3,20.7,216.67,28.0
19:50:31,54.3,20.7,216.67,28.0
19:50:33,54.3,20.7,214.17,28.0
19:50:35,54.3,20.7,216.67,28.0
19:50:37,54.3,20.7,217.5,28.0
19:50:39,54.3,20.7,216.67,28.0
19:50:41,54.3,20.7,217.5,28.0
19:50:43,54.3,20.7,214.17,28.0
19:50:45,54.3,20.7,213.33,28.0
19:50:47,54.3,20.7,215.83,28.0
19:50:49,54.3,20.7,216.67,28.0
19:50:51,54.3,20.7,215.83,28.0
19:50:53,54.3,20.7,213.33,28.0
19:50:55,54.4,20.7,216.67,28.0
19:50:57,54.4,20.7,216.67,28.0
19:50:59,54.4,20.7,216.67,28.0
19:51:01,54.4,20.7,213.33,28.0
19:51:03,54.4,20.7,215.83,28.0
19:51:05,54.3,20.6,215.83,28.0
19:51:07,54.4,20.6,215.83,28.0
19:51:09,54.4,20.6,213.33,28.0
19:51:11,54.4,20.6,215.83,28.0
19:51:13,54.4,20.6,215.0,28.0
19:51:15,54.4,20.6,216.67,28.0
19:51:17,54.4,20.6,216.67,28.0
19:51:19,54.5,20.6,210.0,28.0
19:51:21,54.5,20.6,220.0,28.0
19:51:23,54.6,20.6,218.33,28.0
19:51:25,54.6,20.7,220.0,28.0
19:51:27,54.6,20.7,220.83,28.0
19:51:29,54.6,20.7,219.17,28.0
19:51:31,54.7,20.7,220.83,28.0
19:51:33,54.7,20.7,221.67,28.0
19:51:35,54.7,20.7,220.83,28.0
19:51:37,54.7,20.7,221.67,28.0
19:51:39,54.7,20.8,214.17,28.0
19:51:42,54.7,20.8,214.17,28.0
19:51:44,54.7,20.8,213.33,28.0
19:51:46,54.7,20.8,215.0,28.0
19:51:48,54.7,20.8,217.5,28.0
19:51:50,54.6,20.8,215.83,28.0
19:51:52,54.6,20.9,213.33,28.0
19:51:54,54.6,20.9,215.83,28.0
19:51:56,54.6,20.9,212.5,28.0
19:51:58,54.6,20.9,214.17,28.0
19:52:00,54.7,20.9,215.0,28.0
19:52:02,54.7,20.9,215.0,28.0
19:52:04,54.7,21.0,214.17,28.0
19:52:06,54.7,21.0,213.33,28.0
19:52:08,54.7,21.0,214.17,28.0
19:52:10,54.7,21.0,215.83,28.0
19:52:12,54.7,21.0,216.67,28.0
19:52:14,54.6,21.1,213.33,28.0
19:52:16,54.6,21.1,213.33,28.0
19:52:18,54.6,21.1,212.5,28.0
19:52:20,54.5,21.1,214.17,28.0
19:52:22,54.4,21.2,212.5,28.0
19:52:24,54.4,21.2,215.83,28.0
19:52:26,54.4,21.2,213.33,28.0
19:52:28,54.4,21.2,211.67,28.0
19:52:30,54.3,21.2,215.83,28.0
19:52:32,54.3,21.2,212.5,28.0
19:52:34,54.3,21.2,210.83,28.0
19:52:36,54.3,21.2,213.33,28.0
19:52:38,54.3,21.2,216.67,28.0
19:52:40,54.3,21.2,215.83,28.0
19:52:42,54.2,21.2,214.17,28.0
19:52:44,54.2,21.2,218.33,28.0
19:52:46,54.2,21.3,215.0,28.0
19:52:48,54.2,21.3,214.17,28.0
19:52:50,54.2,21.3,215.83,28.0
19:52:52,54.2,21.3,217.5,28.0
19:52:54,54.2,21.2,217.5,28.0
19:52:56,54.2,21.3,215.83,28.0
19:52:58,54.2,21.3,216.67,28.0
19:53:00,54.2,21.3,219.17,28.0
19:53:02,54.2,21.2,219.17,28.0
19:53:04,54.2,21.2,220.0,28.0
19:53:06,54.2,21.2,218.33,28.0
19:53:08,54.2,21.2,219.17,28.0
19:53:10,54.2,21.3,216.67,28.0
19:53:16,54.2,21.3,217.5,28.0
19:53:18,54.2,21.3,214.17,28.0
19:53:20,54.2,21.3,214.17,28.0
19:53:22,54.2,21.3,217.5,28.0
19:53:24,54.2,21.3,214.17,28.0
19:53:26,54.2,21.2,214.17,28.0
19:53:28,54.2,21.3,216.67,28.0
19:53:30,54.1,21.3,215.83,28.0
19:53:32,54.2,21.2,214.17,28.0
19:53:34,54.1,21.2,210.83,28.0
19:53:36,54.1,21.2,214.17,28.0
19:53:38,54.2,21.2,213.33,28.0
19:53:40,54.1,21.2,213.33,28.0
19:53:42,54.1,21.2,211.67,28.0
19:53:44,54.1,21.2,210.83,28.0
19:53:46,54.2,21.2,211.67,28.0
19:53:48,54.1,21.2,204.17,28.0
19:53:50,54.2,21.2,215.83,28.0
19:53:52,54.2,21.2,214.17,28.0
19:53:54,54.1,21.2,216.67,28.0
19:53:56,54.2,21.2,205.83,28.0
19:53:58,54.2,21.2,205.0,28.0
19:54:00,54.2,21.2,195.83,28.0
19:54:02,54.1,21.2,203.33,28.0
19:54:04,54.2,21.2,205.0,28.0
19:54:06,54.2,21.2,211.67,28.0
19:54:08,54.2,21.2,207.5,28.0
19:54:10,54.2,21.2,207.5,28.0
19:54:12,54.2,21.2,211.67,28.0
19:54:14,54.2,21.2,210.83,28.0
19:54:16,54.1,21.2,210.83,28.0
19:54:18,54.2,21.2,207.5,28.0
19:54:20,54.2,21.2,208.33,28.0
19:54:22,54.1,21.2,158.33,28.0
19:54:24,54.2,21.2,180.0,28.0
19:54:26,54.2,21.2,210.83,28.0
19:54:28,54.1,21.2,195.0,28.0
19:54:30,54.1,21.2,201.67,28.0
19:54:32,54.1,21.2,204.17,28.0
19:54:34,54.1,21.2,200.83,28.0
19:54:36,54.2,21.2,200.0,28.0
19:54:38,54.2,21.2,200.0,28.0
19:54:40,54.2,21.2,198.33,28.0
19:54:43,54.2,21.3,196.67,28.0
19:54:45,54.2,21.2,210.83,28.0
19:54:47,54.2,21.2,214.17,28.0
19:54:49,54.1,21.2,210.0,28.0
19:54:51,54.2,21.3,216.67,28.0
19:54:53,54.1,21.2,210.0,28.0
19:54:55,54.1,21.3,216.67,28.0
19:54:57,54.1,21.3,216.67,28.0
19:54:59,54.1,21.3,211.67,28.0
19:55:01,54.1,21.3,215.83,28.0
19:55:03,54.1,21.3,217.5,28.0
19:55:05,54.1,21.3,220.0,28.0
19:55:07,54.1,21.3,220.0,28.0
19:55:09,54.1,21.3,220.0,28.0
19:55:11,54.1,21.3,217.5,28.0
19:55:13,54.1,21.3,220.0,28.0
19:55:15,54.1,21.3,219.17,28.0
19:55:17,54.2,21.3,221.67,28.0
19:55:19,54.2,21.3,221.67,28.0
19:55:21,54.1,21.3,221.67,28.0
19:55:23,54.1,21.3,216.67,28.0
19:55:25,54.1,21.3,218.33,28.0
19:55:27,54.1,21.3,215.83,28.0
19:55:29,54.1,21.3,220.0,28.0
19:55:31,54.2,21.3,219.17,28.0
19:55:33,54.2,21.3,220.0,28.0
19:55:35,54.1,21.3,215.83,28.0
19:55:37,54.1,21.3,217.5,28.0
19:55:39,54.1,21.3,217.5,28.0
19:55:41,54.1,21.3,221.67,28.0
19:55:44,54.1,21.3,205.83,28.0
19:55:46,54.1,21.3,220.0,28.0
19:55:48,54.1,21.3,217.5,28.0
19:55:50,54.1,21.3,216.67,28.0
19:55:52,54.1,21.3,214.17,28.0
19:55:54,54.1,21.4,215.0,28.0
19:55:56,54.1,21.4,215.83,28.0
19:55:58,54.1,21.4,219.17,28.0
19:56:00,54.1,21.4,214.17,28.0
19:56:02,54.1,21.4,216.67,28.0
19:56:04,54.1,21.4,215.0,28.0
19:56:06,54.1,21.4,214.17,28.0
19:56:08,54.1,21.4,217.5,28.0
19:56:10,54.1,21.4,218.33,28.0
19:56:12,54.1,21.4,213.33,28.0
19:56:14,54.1,21.4,215.0,27.0
19:56:16,54.1,21.4,216.67,27.0
19:56:18,54.1,21.4,215.0,27.0
19:56:20,54.1,21.4,215.83,27.0
19:56:22,54.1,21.4,216.67,27.0
19:56:24,54.1,21.4,215.0,27.0
19:56:26,54.1,21.4,215.0,27.0
19:56:28,54.1,21.4,217.5,27.0
19:56:30,54.1,21.4,220.0,27.0
19:56:32,54.1,21.4,214.17,27.0
19:56:34,54.1,21.4,214.17,27.0
19:56:36,54.1,21.4,220.0,27.0
19:56:38,54.1,21.4,205.0,27.0
19:56:40,54.1,21.4,175.83,27.0
19:56:42,54.0,21.4,176.67,27.0
19:56:44,54.0,21.4,174.17,27.0
19:56:46,54.0,21.4,175.0,27.0
19:56:48,54.1,21.4,176.67,27.0
19:56:50,54.1,21.4,178.33,27.0
19:56:52,54.2,21.4,175.0,27.0
19:56:54,54.2,21.4,177.5,27.0
19:56:56,54.2,21.4,176.67,27.0
19:56:58,54.2,21.4,180.0,27.0
19:57:00,54.2,21.4,176.67,27.0
19:57:02,54.2,21.4,175.83,27.0
19:57:04,54.2,21.4,175.83,27.0
19:57:06,54.2,21.4,178.33,27.0
19:57:08,54.2,21.4,176.67,27.0
19:57:10,54.2,21.5,179.17,27.0
19:57:12,54.2,21.4,176.67,27.0
19:57:14,54.2,21.5,180.0,27.0
19:57:16,54.2,21.5,178.33,27.0
19:57:18,54.2,21.5,207.5,27.0
19:57:20,54.2,21.5,186.67,27.0
19:57:22,54.2,21.5,208.33,27.0
19:57:24,54.2,21.5,205.0,27.0
19:57:26,54.2,21.5,206.67,27.0
19:57:28,54.2,21.5,205.0,27.0
19:57:30,54.2,21.5,205.83,27.0
19:57:32,54.1,21.5,206.67,27.0
19:57:34,54.2,21.5,204.17,27.0
19:57:36,54.2,21.5,205.0,27.0
19:57:38,54.2,21.5,204.17,27.0
19:57:40,54.1,21.5,204.17,27.0
19:57:42,54.1,21.5,200.83,27.0
19:57:45,54.1,21.5,202.5,27.0
19:57:47,54.1,21.5,195.0,27.0
19:57:49,54.1,21.5,194.17,27.0
19:57:51,54.1,21.5,200.0,27.0
19:57:53,54.1,21.5,201.67,27.0
19:57:55,54.1,21.5,190.83,27.0
19:57:57,54.1,21.5,207.5,27.0
19:57:59,54.1,21.5,210.83,27.0
19:58:01,54.1,21.5,213.33,27.0
19:58:03,54.1,21.6,204.17,27.0
19:58:05,54.1,21.6,197.5,27.0
19:58:07,54.1,21.6,203.33,27.0
19:58:09,54.1,21.6,210.0,27.0
19:58:11,54.1,21.6,213.33,27.0
19:58:13,54.1,21.6,215.83,27.0
19:58:15,54.1,21.6,215.83,27.0
19:58:17,54.1,21.6,214.17,27.0
19:58:19,54.1,21.6,215.83,27.0
19:58:21,54.1,21.6,216.67,27.0
19:58:23,54.1,21.6,213.33,27.0
19:58:25,54.1,21.6,213.33,27.0
19:58:27,54.0,21.6,199.17,27.0
19:58:29,54.0,21.6,200.83,27.0
19:58:33,54.0,21.6,212.5,27.0
19:58:35,54.0,21.6,210.83,27.0
19:58:37,54.0,21.6,215.0,27.0
19:58:39,54.0,21.6,215.83,27.0
19:58:41,54.0,21.6,208.33,27.0
19:58:43,54.0,21.6,188.33,27.0
19:58:46,54.0,21.6,217.5,27.0
19:58:48,54.0,21.6,215.83,27.0
19:58:50,53.9,21.6,199.17,27.0
19:58:52,54.0,21.6,207.5,27.0
19:58:54,54.0,21.6,213.33,27.0
19:58:56,54.0,21.6,213.33,27.0
19:59:00,54.0,21.6,214.17,27.0
19:59:02,54.0,21.6,215.83,27.0
19:59:04,54.0,21.6,216.67,27.0
19:59:06,54.0,21.6,212.5,27.0
19:59:08,54.0,21.6,200.83,27.0
19:59:10,54.0,21.6,207.5,27.0
19:59:12,54.0,21.6,200.0,27.0
19:59:16,54.0,21.6,200.0,27.0
19:59:18,54.0,21.6,196.67,27.0
19:59:20,54.0,21.6,197.5,27.0
19:59:22,54.0,21.6,197.5,27.0
19:59:24,54.0,21.6,200.83,27.0
19:59:26,54.0,21.6,208.33,27.0
19:59:28,54.0,21.6,198.33,27.0
19:59:30,54.0,21.6,207.5,27.0
19:59:32,54.0,21.6,202.5,27.0
19:59:34,54.0,21.6,200.0,27.0
19:59:36,54.0,21.6,203.33,27.0
19:59:38,53.9,21.6,203.33,27.0
19:59:40,53.9,21.7,203.33,27.0
19:59:42,53.9,21.6,201.67,27.0
19:59:44,54.0,21.7,204.17,27.0
19:59:46,54.0,21.6,200.83,27.0
19:59:49,54.0,21.6,198.33,27.0
19:59:51,54.0,21.7,199.17,27.0
19:59:53,54.0,21.7,195.0,27.0
19:59:55,54.0,21.7,196.67,27.0
19:59:57,53.9,21.7,197.5,27.0
19:59:59,54.0,21.6,177.5,27.0
20:00:01,54.0,21.7,170.83,27.0
20:00:03,54.0,21.6,171.67,27.0
20:00:05,54.0,21.7,171.67,27.0
20:00:07,54.0,21.7,170.83,27.0
20:00:09,54.0,21.7,169.17,27.0
20:00:11,54.0,21.6,175.0,27.0
20:00:13,54.0,21.7,194.17,27.0
20:00:15,54.0,21.7,204.17,27.0
20:00:17,54.0,21.7,189.17,27.0
20:00:19,54.0,21.7,214.17,27.0
20:00:21,54.0,21.7,209.17,27.0
20:00:23,53.9,21.7,210.0,27.0
20:00:25,54.0,21.7,206.67,27.0
20:00:27,53.9,21.7,214.17,27.0
20:00:29,53.9,21.7,219.17,27.0
20:00:31,53.9,21.7,220.0,27.0
20:00:33,53.9,21.7,220.83,27.0
20:00:35,53.9,21.7,219.17,27.0
20:00:37,53.9,21.7,217.5,27.0
20:00:39,53.9,21.7,218.33,27.0
20:00:41,53.9,21.7,217.5,27.0
20:00:43,53.9,21.7,220.0,27.0
20:00:45,53.9,21.7,219.17,27.0
20:00:47,53.9,21.7,220.83,27.0
20:00:49,53.9,21.7,218.33,27.0
20:00:51,53.9,21.7,217.5,27.0
20:00:53,53.9,21.7,220.0,27.0
20:00:55,53.9,21.7,220.0,27.0
20:00:57,53.9,21.7,220.0,27.0
20:00:59,53.9,21.7,217.5,27.0
20:01:01,53.9,21.7,217.5,27.0
20:01:03,53.9,21.7,217.5,27.0
20:01:05,53.9,21.7,220.0,27.0
20:01:07,53.9,21.7,220.0,27.0
20:01:09,53.9,21.7,220.0,27.0
20:01:11,53.9,21.7,217.5,27.0
20:01:13,53.9,21.7,217.5,27.0
20:01:15,53.9,21.7,220.83,27.0
20:01:17,53.9,21.7,220.0,27.0
20:01:19,53.9,21.7,215.83,27.0
20:01:21,53.9,21.7,211.67,27.0
20:01:23,53.9,21.7,205.83,27.0
20:01:25,53.9,21.7,211.67,27.0
20:01:27,53.9,21.7,210.0,27.0
20:01:29,53.9,21.7,207.5,27.0
20:01:31,53.9,21.7,215.0,27.0
20:01:33,53.9,21.7,210.83,27.0
20:01:35,53.9,21.7,212.5,27.0
20:01:37,54.0,21.7,212.5,27.0
20:01:39,54.0,21.7,207.5,27.0
20:01:41,53.9,21.7,208.33,27.0
20:01:43,54.0,21.7,206.67,27.0
20:01:45,53.9,21.7,215.0,27.0
20:01:47,53.9,21.7,213.33,27.0
20:01:50,53.9,21.7,214.17,27.0
20:01:52,53.9,21.7,215.0,27.0
20:01:54,53.9,21.7,213.33,27.0
20:01:56,53.9,21.7,211.67,27.0
20:01:58,53.9,21.7,215.83,27.0
20:02:00,53.9,21.7,210.83,27.0
20:02:02,53.9,21.7,215.83,27.0
20:02:04,53.9,21.7,213.33,27.0
20:02:06,53.9,21.7,204.17,27.0
20:02:08,54.0,21.7,204.17,27.0
20:02:10,53.9,21.7,207.5,27.0
20:02:12,53.9,21.7,215.0,27.0
20:02:14,54.0,21.7,213.33,27.0
20:02:16,54.0,21.7,211.67,27.0
20:02:18,54.0,21.7,209.17,27.0
20:02:20,54.0,21.7,208.33,27.0
20:02:22,54.0,21.7,210.83,27.0
20:02:24,54.0,21.7,209.17,27.0
20:02:26,53.9,21.7,210.0,27.0
20:02:28,53.9,21.7,207.5,27.0
20:02:30,54.0,21.7,210.0,27.0
20:02:32,54.0,21.7,212.5,27.0
20:02:34,53.9,21.7,217.5,27.0
20:02:36,54.0,21.7,217.5,27.0
20:02:38,54.0,21.7,220.83,27.0
20:02:40,54.0,21.7,220.0,27.0
20:02:42,54.0,21.7,219.17,27.0
20:02:44,53.9,21.7,208.33,27.0
20:02:46,54.0,21.7,206.67,27.0
20:02:48,54.0,21.7,211.67,27.0
20:02:50,54.0,21.7,200.0,27.0
20:02:52,54.0,21.7,213.33,27.0
20:02:54,54.0,21.7,216.67,27.0
20:02:56,53.9,21.7,216.67,27.0
20:02:58,54.0,21.7,218.33,27.0
20:03:00,53.9,21.7,215.0,27.0
20:03:02,53.9,21.7,210.83,27.0
20:03:04,53.9,21.8,196.67,27.0
20:03:06,54.0,21.7,210.0,27.0
20:03:08,53.9,21.8,217.5,27.0
20:03:10,53.9,21.7,220.83,27.0
20:03:12,53.9,21.8,220.83,27.0
20:03:14,53.9,21.8,220.0,27.0
20:03:16,53.9,21.8,217.5,27.0
20:03:18,53.9,21.8,217.5,27.0
20:03:20,53.9,21.8,219.17,27.0
20:03:22,53.9,21.8,220.83,27.0
20:03:24,53.9,21.7,220.0,27.0
20:03:26,53.9,21.8,217.5,27.0
20:03:28,53.9,21.8,219.17,27.0
20:03:30,53.9,21.8,220.0,27.0
20:03:32,53.9,21.8,220.0,27.0
20:03:34,53.9,21.8,217.5,27.0
20:03:36,53.9,21.8,220.83,27.0
20:03:38,53.9,21.8,220.83,27.0
20:03:40,53.9,21.8,210.83,27.0
20:03:42,53.9,21.8,213.33,27.0
20:03:44,53.9,21.7,220.0,27.0
20:03:46,53.9,21.8,215.0,27.0
20:03:48,53.9,21.8,218.33,27.0
20:03:50,53.9,21.8,215.0,27.0
20:03:52,53.9,21.8,220.83,27.0
20:03:54,53.9,21.8,219.17,27.0
20:03:56,53.9,21.8,216.67,27.0
20:03:58,53.9,21.8,216.67,27.0
20:04:00,53.9,21.8,217.5,27.0
20:04:02,53.9,21.8,219.17,27.0
20:04:04,53.9,21.7,220.0,27.0
20:04:06,53.9,21.8,218.33,27.0
20:04:08,53.9,21.8,220.0,27.0
20:04:10,53.9,21.8,220.0,27.0
20:04:12,53.9,21.8,221.67,27.0
20:04:14,53.9,21.8,219.17,27.0
20:04:16,53.9,21.8,218.33,27.0
20:04:18,53.9,21.8,218.33,27.0
20:04:20,53.9,21.8,221.67,27.0
20:04:22,54.0,21.8,220.83,27.0
20:04:24,54.0,21.8,218.33,27.0
20:04:26,54.0,21.8,218.33,27.0
20:04:28,54.0,21.8,219.17,27.0
20:04:30,53.9,21.8,220.83,27.0
20:04:32,53.9,21.8,216.67,27.0
20:04:34,54.0,21.8,210.83,27.0
20:04:36,53.9,21.8,220.83,27.0
20:04:38,53.9,21.8,218.33,27.0
20:04:40,53.9,21.8,218.33,27.0
20:04:42,53.9,21.8,220.0,27.0
20:04:44,53.9,21.8,220.83,27.0
20:04:46,53.9,21.8,218.33,27.0
20:04:48,53.9,21.8,218.33,27.0
20:04:51,53.9,21.8,218.33,27.0
20:04:53,53.9,21.8,220.0,27.0
20:04:55,54.0,21.8,220.83,27.0
20:04:57,53.9,21.8,222.5,27.0
20:04:59,54.0,21.8,218.33,27.0
20:05:01,54.0,21.8,215.83,27.0
20:05:03,53.9,21.8,207.5,27.0
20:05:05,53.9,21.8,219.17,27.0
20:05:07,53.9,21.8,208.33,27.0
20:05:09,53.9,21.8,216.67,27.0
20:05:11,54.0,21.8,220.83,27.0
20:05:13,53.9,21.8,220.83,27.0
20:05:15,53.9,21.8,223.33,27.0
20:05:17,53.9,21.8,220.83,27.0
20:05:19,53.9,21.8,220.83,27.0
20:05:21,53.9,21.8,220.0,27.0
20:05:23,53.9,21.8,221.67,27.0
20:05:25,53.9,21.8,220.83,27.0
20:05:27,53.9,21.8,212.5,27.0
20:05:29,53.9,21.8,213.33,27.0
20:05:31,53.9,21.8,220.0,27.0
20:05:33,53.9,21.8,221.67,27.0
20:05:35,53.9,21.8,222.5,27.0
20:05:37,53.9,21.8,218.33,27.0
20:05:39,53.8,21.8,215.0,27.0
20:05:41,53.9,21.8,212.5,27.0
20:05:43,53.9,21.8,219.17,27.0
20:05:45,53.8,21.8,221.67,27.0
20:05:47,53.9,21.8,219.17,27.0
20:05:49,53.9,21.8,222.5,27.0
20:05:51,53.9,21.8,222.5,27.0
20:05:53,53.9,21.8,221.67,27.0
20:05:55,53.9,21.8,221.67,27.0
20:05:57,53.9,21.8,219.17,27.0
20:05:59,53.9,21.8,220.83,27.0
20:06:01,53.9,21.8,220.0,27.0
20:06:03,53.9,21.8,210.83,27.0
20:06:05,53.9,21.8,213.33,27.0
20:06:07,53.9,21.8,220.83,27.0
20:06:09,54.2,21.8,220.0,27.0
20:06:11,54.7,21.8,217.5,27.0
20:06:13,54.6,21.8,220.0,27.0
20:06:15,54.5,21.8,203.33,27.0
20:06:17,54.4,21.8,205.0,27.0
20:06:19,54.3,21.8,189.17,27.0
20:06:21,54.3,21.8,191.67,27.0
20:06:23,54.2,21.8,204.17,27.0
20:06:25,54.2,21.8,195.0,26.0
20:06:27,54.2,21.7,210.83,26.0
20:06:29,54.1,21.7,215.0,26.0
20:06:31,54.2,21.8,216.67,26.0
20:06:33,54.1,21.8,214.17,26.0
20:06:35,54.2,21.8,213.33,26.0
20:06:37,54.1,21.8,218.33,26.0
20:06:39,54.1,21.8,216.67,26.0
20:06:41,54.1,21.8,218.33,26.0
20:06:43,54.1,21.8,218.33,26.0
20:06:45,54.1,21.8,215.83,26.0
20:06:47,54.1,21.8,218.33,26.0
20:06:49,54.1,21.8,215.0,26.0
20:06:52,54.1,21.8,219.17,26.0
20:06:54,54.1,21.8,217.5,26.0
20:06:56,54.1,21.8,217.5,26.0
20:06:58,54.1,21.8,218.33,26.0
20:07:00,54.1,21.8,214.17,26.0
20:07:02,54.1,21.8,220.83,26.0
20:07:04,54.1,21.8,215.0,26.0
20:07:06,54.1,21.8,218.33,26.0
20:07:08,54.0,21.8,217.5,26.0
20:07:10,54.1,21.8,220.83,26.0
20:07:12,54.1,21.8,219.17,26.0
20:07:14,54.1,21.8,218.33,26.0
20:07:16,54.1,21.8,220.83,26.0
20:07:18,54.1,21.8,218.33,26.0
20:07:20,54.1,21.8,217.5,26.0
20:07:22,54.0,21.8,217.5,26.0
20:07:24,54.1,21.8,217.5,26.0
20:07:26,54.1,21.8,221.67,26.0
20:07:28,54.0,21.8,218.33,26.0
20:07:30,54.1,21.8,218.33,26.0
20:07:32,54.0,21.8,220.0,26.0
20:07:34,54.0,21.8,215.0,26.0
20:07:36,54.1,21.8,215.0,26.0
20:07:38,54.1,21.8,220.83,26.0
20:07:40,54.1,21.8,217.5,26.0
20:07:42,54.0,21.8,218.33,26.0
20:07:44,54.1,21.8,220.83,26.0
20:07:46,54.0,21.8,217.5,26.0
20:07:48,54.1,21.8,217.5,26.0
20:07:50,54.1,21.8,220.83,26.0
20:07:52,54.1,21.7,215.83,26.0
20:07:54,54.0,21.8,215.83,26.0
20:07:56,54.1,21.8,220.83,26.0
20:07:58,54.1,21.8,217.5,26.0
20:08:00,54.1,21.8,220.0,26.0
20:08:02,54.1,21.7,207.5,26.0
20:08:04,54.1,21.8,213.33,26.0
20:08:06,54.1,21.8,218.33,26.0
20:08:08,54.1,21.8,221.67,26.0
20:08:10,54.1,21.7,220.0,26.0
20:08:12,54.1,21.8,219.17,26.0
20:08:14,54.1,21.7,220.0,26.0
20:08:16,54.2,21.8,221.67,26.0
20:08:18,54.2,21.8,218.33,26.0
20:08:20,54.2,21.7,218.33,26.0
20:08:22,54.2,21.7,221.67,26.0
20:08:24,54.2,21.7,218.33,26.0
20:08:26,54.2,21.7,217.5,26.0
20:08:28,54.2,21.7,220.0,26.0
20:08:30,54.2,21.7,220.83,26.0
20:08:32,54.2,21.8,219.17,26.0
20:08:34,54.2,21.7,217.5,26.0
20:08:36,54.2,21.7,220.83,26.0
20:08:38,54.2,21.7,220.83,26.0
20:08:40,54.2,21.7,217.5,26.0
20:08:42,54.2,21.7,220.0,26.0
20:08:44,54.2,21.7,220.83,26.0
